"","date","Team","Opponent","Player","#","Pos","Age","Club","Min","Gls","Ast","PK","PKatt","Sh","SoT","CrdY","CrdR","Touches","Tkl","Int","Blocks","xG","npxG","xAG","SCA","GCA","Cmp","Att","Cmp%","PrgP","Carries","PrgC","Att","Succ"
"1","November-21-2022","United States","Wales","Josh Sargent","24","FW","22-274","2.eng Norwich City","73","0","0","0","0","1","0","0","0","16","0","0","0","0.2","0.2","0.0","0","0","10","11","90.9","0","7","0","0","0"
"2","November-21-2022","United States","Wales","Haji Wright","19","FW","24-239","1.tr Antalyaspor","17","0","0","0","0","1","0","0","0","6","0","0","0","0.0","0.0","0.0","0","0","4","4","100.0","0","3","0","0","0"
"3","November-21-2022","United States","Wales","Christian Pulisic","10","LW","24-064","1.eng Chelsea","90","0","1","0","0","0","0","0","0","64","0","0","2","0.0","0.0","0.5","3","1","30","51","58.8","8","50","10","4","0"
"4","November-21-2022","United States","Wales","Timothy Weah","21","RW","22-272","1.fr Lille","87","1","0","0","0","1","1","0","0","33","0","0","2","0.4","0.4","0.0","1","0","24","28","85.7","2","23","2","0","0"
"5","November-21-2022","United States","Wales","Jordan Morris","16","RW","28-026","1.us Seattle","3","0","0","0","0","0","0","0","0","3","0","0","0","0.0","0.0","0.0","0","0","1","3","33.3","0","2","1","0","0"
"6","November-21-2022","United States","Wales","Yunus Musah","6","LM","19-357","1.es Valencia","73","0","0","0","0","0","0","0","0","49","0","0","1","0.0","0.0","0.0","3","1","39","44","88.6","6","42","7","2","1"
"7","November-21-2022","United States","Wales","Kellyn Acosta","23","LM","27-120","1.us Los Angeles FC","17","0","0","0","0","0","0","1","0","10","1","0","0","0.0","0.0","0.0","1","0","7","8","87.5","3","7","1","0","0"
"8","November-21-2022","United States","Wales","Tyler Adams","4","CM","23-280","1.eng Leeds United","90","0","0","0","0","1","0","0","0","84","6","2","1","0.0","0.0","0.0","0","0","62","71","87.3","10","38","1","0","0"
"9","November-21-2022","United States","Wales","Weston McKennie","8","RM","24-085","1.it Juventus","65","0","0","0","0","0","0","1","0","42","0","0","2","0.0","0.0","0.0","0","0","26","36","72.2","1","16","2","0","0"
"10","November-21-2022","United States","Wales","Brenden Aaronson","11","RM","22-030","1.eng Leeds United","25","0","0","0","0","1","0","0","0","26","1","0","1","0.1","0.1","0.0","0","0","17","19","89.5","1","19","1","2","0"
"11","November-21-2022","United States","Wales","Antonee Robinson","5","LB","25-105","1.eng Fulham","90","0","0","0","0","0","0","0","0","79","1","1","1","0.0","0.0","0.2","3","0","50","65","76.9","6","37","4","1","1"
"12","November-21-2022","United States","Wales","Tim Ream","13","CB","35-047","1.eng Fulham","90","0","0","0","0","0","0","1","0","82","2","2","1","0.0","0.0","0.0","0","0","69","74","93.2","4","55","0","1","1"
"13","November-21-2022","United States","Wales","Walker Zimmerman","3","CB","29-186","1.us Nashville","90","0","0","0","0","0","0","0","0","98","0","1","0","0.0","0.0","0.0","0","0","86","91","94.5","2","71","0","0","0"
"14","November-21-2022","United States","Wales","Sergiño Dest","2","RB","22-018","1.it Milan","73","0","0","0","0","1","0","1","0","82","2","0","1","0.0","0.0","0.0","0","0","65","71","91.5","8","55","1","0","0"
"15","November-21-2022","United States","Wales","DeAndre Yedlin","22","RB","29-135","1.us Inter Miami","17","0","0","0","0","0","0","0","0","20","1","0","0","0.0","0.0","0.0","1","0","12","18","66.7","0","9","1","0","0"
"16","November-21-2022","United States","Wales","Matt Turner","1","GK","28-150","1.eng Arsenal","90","0","0","0","0","0","0","0","0","34","0","0","0","0.0","0.0","0.0","0","0","22","30","73.3","0","19","0","0","0"
"17","November-21-2022","Wales","United States","Daniel James","20","FW","25-011","1.eng Fulham","45","0","0","0","0","0","0","0","0","15","0","0","0","0.0","0.0","0.0","0","0","8","10","80.0","0","12","0","1","0"
"18","November-21-2022","Wales","United States","Kieffer Moore","13","FW","30-105","1.eng Bournemouth","45","0","0","0","0","2","0","0","0","23","1","0","0","0.4","0.4","0.1","1","0","11","13","84.6","4","11","0","1","0"
"19","November-21-2022","Wales","United States","Gareth Bale","11","FW,LW","33-128","1.us Los Angeles FC","90","1","0","1","1","0","0","1","0","30","1","1","1","0.8","0.0","0.0","2","1","12","22","54.5","2","18","0","2","0"
"20","November-21-2022","Wales","United States","Harry Wilson","8","CM,LM","25-244","1.eng Fulham","89","0","0","0","0","0","0","0","0","41","3","1","1","0.0","0.0","0.5","3","0","24","30","80.0","2","18","1","0","0"
"21","November-21-2022","Wales","United States","Sorba Thomas","22","LM","23-091","2.eng Huddersfield","1","0","0","0","0","0","0","0","0","6","1","0","0","0.0","0.0","0.0","0","0","3","4","75.0","0","5","1","1","0"
"22","November-21-2022","Wales","United States","Ethan Ampadu","15","CM","22-068","1.it Spezia","89","0","0","0","0","1","0","0","0","59","2","1","3","0.0","0.0","0.0","0","0","30","43","69.8","4","16","0","1","0"
"23","November-21-2022","Wales","United States","Joe Morrell","16","CM","25-322","3.eng Portsmouth","1","0","0","0","0","0","0","0","0","5","1","0","1","0.0","0.0","0.0","0","0","1","2","50.0","1","0","0","0","0"
"24","November-21-2022","Wales","United States","Aaron Ramsey","10","CM","31-330","1.fr Nice","90","0","0","0","0","0","0","0","0","43","1","0","1","0.0","0.0","0.0","1","0","23","30","76.7","3","25","1","4","2"
"25","November-21-2022","Wales","United States","Neco Williams","3","WB","21-222","1.eng Nott'ham Forest","78","0","0","0","0","0","0","0","0","48","1","3","2","0.0","0.0","0.0","1","0","24","36","66.7","2","22","3","2","0"
"26","November-21-2022","Wales","United States","Brennan Johnson","9","RW,RM","21-182","1.eng Nott'ham Forest","12","0","0","0","0","1","1","0","0","9","0","0","0","0.1","0.1","0.0","1","1","3","5","60.0","0","4","1","2","0"
"27","November-21-2022","Wales","United States","Connor Roberts","14","WB,RM,RB","27-059","2.eng Burnley","90","0","0","0","0","0","0","0","0","59","2","0","0","0.0","0.0","0.0","2","0","37","50","74.0","4","18","0","0","0"
"28","November-21-2022","Wales","United States","Ben Davies","4","CB,LB","29-211","1.eng Tottenham","90","0","0","0","0","2","1","0","0","62","0","1","2","0.3","0.3","0.0","1","0","41","51","80.4","0","26","0","1","1"
"29","November-21-2022","Wales","United States","Joe Rodon","6","CB","25-030","1.fr Rennes","90","0","0","0","0","0","0","0","0","69","1","1","0","0.0","0.0","0.0","0","0","53","62","85.5","0","44","0","0","0"
"30","November-21-2022","Wales","United States","Chris Mepham","5","CB","25-016","1.eng Bournemouth","90","0","0","0","0","0","0","1","0","65","4","0","0","0.0","0.0","0.1","1","0","45","56","80.4","3","33","0","0","0"
"31","November-21-2022","Wales","United States","Wayne Hennessey","1","GK","35-301","1.eng Nott'ham Forest","90","0","0","0","0","0","0","0","0","33","0","0","0","0.0","0.0","0.0","0","0","20","32","62.5","0","15","0","0","0"
"32","November-25-2022","England","United States","Harry Kane","9","FW","29-120","1.eng Tottenham","90","0","0","0","0","2","0","0","0","36","2","0","0","0.3","0.3","0.0","1","0","16","24","66.7","5","24","3","3","1"
"33","November-25-2022","England","United States","Raheem Sterling","10","LW","27-352","1.eng Chelsea","67","0","0","0","0","0","0","0","0","25","0","1","1","0.0","0.0","0.0","0","0","16","19","84.2","1","19","1","0","0"
"34","November-25-2022","England","United States","Jack Grealish","7","LW","27-076","1.eng Manchester City","23","0","0","0","0","0","0","0","0","16","0","1","1","0.0","0.0","0.0","2","0","9","12","75.0","4","16","2","2","0"
"35","November-25-2022","England","United States","Bukayo Saka","17","RW","21-081","1.eng Arsenal","77","0","0","0","0","1","0","0","0","33","0","1","1","0.2","0.2","0.2","1","0","19","25","76.0","1","24","0","1","0"
"36","November-25-2022","England","United States","Marcus Rashford","11","RW","25-025","1.eng Manchester Utd","13","0","0","0","0","1","1","0","0","3","0","0","0","0.0","0.0","0.0","1","0","2","2","100.0","0","3","0","1","1"
"37","November-25-2022","England","United States","Mason Mount","19","AM,LM","23-319","1.eng Chelsea","90","0","0","0","0","2","1","0","0","40","1","0","1","0.1","0.1","0.0","0","0","24","31","77.4","5","28","2","1","0"
"38","November-25-2022","England","United States","Declan Rice","4","DM,CM","23-315","1.eng West Ham","90","0","0","0","0","0","0","0","0","69","1","3","1","0.0","0.0","0.0","0","0","56","61","91.8","6","49","0","0","0"
"39","November-25-2022","England","United States","Jude Bellingham","22","DM","19-149","1.de Dortmund","68","0","0","0","0","0","0","0","0","45","2","1","3","0.0","0.0","0.0","2","0","31","35","88.6","1","30","1","1","0"
"40","November-25-2022","England","United States","Jordan Henderson","8","RM","32-161","1.eng Liverpool","22","0","0","0","0","0","0","0","0","13","0","0","0","0.0","0.0","0.0","0","0","10","13","76.9","2","9","0","0","0"
"41","November-25-2022","England","United States","Luke Shaw","3","LB","27-136","1.eng Manchester Utd","90","0","0","0","0","0","0","0","0","87","1","1","2","0.0","0.0","0.4","4","0","70","84","83.3","9","60","5","1","1"
"42","November-25-2022","England","United States","Harry Maguire","6","CB","29-265","1.eng Manchester Utd","90","0","0","0","0","1","1","0","0","92","1","1","1","0.0","0.0","0.0","1","0","71","81","87.7","5","65","1","1","1"
"43","November-25-2022","England","United States","John Stones","5","CB","28-181","1.eng Manchester City","90","0","0","0","0","1","0","0","0","97","1","0","1","0.0","0.0","0.0","1","0","86","89","96.6","7","80","0","0","0"
"44","November-25-2022","England","United States","Kieran Trippier","12","RB","32-067","1.eng Newcastle Utd","90","0","0","0","0","0","0","0","0","75","0","0","0","0.0","0.0","0.1","3","0","63","74","85.1","9","46","1","1","1"
"45","November-25-2022","England","United States","Jordan Pickford","1","GK","28-263","1.eng Everton","90","0","0","0","0","0","0","0","0","29","0","0","0","0.0","0.0","0.0","0","0","22","27","81.5","0","21","0","0","0"
"46","November-25-2022","United States","England","Haji Wright","19","FW","24-243","1.tr Antalyaspor","82","0","0","0","0","2","0","0","0","17","1","0","0","0.1","0.1","0.0","2","0","6","10","60.0","0","6","2","1","0"
"47","November-25-2022","United States","England","Josh Sargent","24","FW","22-278","2.eng Norwich City","8","0","0","0","0","0","0","0","0","2","0","0","0","0.0","0.0","0.0","0","0","1","1","100.0","0","2","0","0","0"
"48","November-25-2022","United States","England","Timothy Weah","21","FW","22-276","1.fr Lille","82","0","0","0","0","0","0","0","0","34","0","0","2","0.0","0.0","0.3","2","0","19","26","73.1","2","16","0","1","1"
"49","November-25-2022","United States","England","Gio Reyna","7","FW","20-012","1.de Dortmund","8","0","0","0","0","0","0","0","0","4","0","0","0","0.0","0.0","0.0","0","0","2","4","50.0","0","4","0","0","0"
"50","November-25-2022","United States","England","Christian Pulisic","10","LM","24-068","1.eng Chelsea","90","0","0","0","0","4","0","0","0","50","1","0","0","0.1","0.1","0.1","3","0","23","36","63.9","4","32","5","3","2"
"51","November-25-2022","United States","England","Yunus Musah","6","CM","19-361","1.es Valencia","90","0","0","0","0","1","1","0","0","44","2","0","2","0.0","0.0","0.0","1","0","30","36","83.3","6","28","2","1","0"
"52","November-25-2022","United States","England","Tyler Adams","4","CM","23-284","1.eng Leeds United","90","0","0","0","0","0","0","0","0","55","1","1","2","0.0","0.0","0.0","0","0","41","47","87.2","1","28","0","0","0"
"53","November-25-2022","United States","England","Weston McKennie","8","RM","24-089","1.it Juventus","76","0","0","0","0","2","0","0","0","44","2","0","2","0.3","0.3","0.0","4","0","30","35","85.7","4","22","3","1","1"
"54","November-25-2022","United States","England","Brenden Aaronson","11","RM","22-034","1.eng Leeds United","14","0","0","0","0","0","0","0","0","11","1","0","1","0.0","0.0","0.0","0","0","9","9","100.0","1","7","0","0","0"
"55","November-25-2022","United States","England","Antonee Robinson","5","LB","25-109","1.eng Fulham","90","0","0","0","0","0","0","0","0","54","2","2","1","0.0","0.0","0.0","3","0","31","41","75.6","3","28","2","0","0"
"56","November-25-2022","United States","England","Tim Ream","13","CB","35-051","1.eng Fulham","90","0","0","0","0","0","0","0","0","62","0","0","1","0.0","0.0","0.0","0","0","47","55","85.5","3","34","1","1","1"
"57","November-25-2022","United States","England","Walker Zimmerman","3","CB","29-190","1.us Nashville","90","0","0","0","0","0","0","0","0","78","1","0","1","0.0","0.0","0.0","1","0","63","72","87.5","1","52","0","0","0"
"58","November-25-2022","United States","England","Sergiño Dest","2","RB","22-022","1.it Milan","77","0","0","0","0","1","0","0","0","50","1","0","2","0.1","0.1","0.1","3","0","34","39","87.2","0","28","3","0","0"
"59","November-25-2022","United States","England","Shaquell Moore","18","RB","26-023","1.us Nashville","13","0","0","0","0","0","0","0","0","15","0","0","0","0.0","0.0","0.0","0","0","12","14","85.7","1","13","1","0","0"
"60","November-25-2022","United States","England","Matt Turner","1","GK","28-154","1.eng Arsenal","90","0","0","0","0","0","0","0","0","40","0","0","0","0.0","0.0","0.0","0","0","30","38","78.9","0","28","0","0","0"
"61","United States-November-29","IR","Iran","Sardar Azmoun","20","FW","27-332","1.de Leverkusen","45","0","0","0","0","0","0","0","0","13","0","0","0","0.0","0.0","0.0","0","0","6","12","50.0","1","6","1","0","0"
"62","United States-November-29","IR","Iran","Saman Ghoddos","14","AM","29-084","1.eng Brentford","45","0","0","0","0","1","0","0","0","24","1","0","0","0.2","0.2","0.0","1","0","15","20","75.0","2","19","0","0","0"
"63","United States-November-29","IR","Iran","Mehdi Taremi","9","FW","30-134","1.pt Porto","90","0","0","0","0","1","0","0","0","53","4","0","2","0.2","0.2","0.0","0","0","26","35","74.3","1","30","3","3","0"
"64","United States-November-29","IR","Iran","Ehsan Hajsafi","3","LM,LB","32-277","1.gr AEK Athens","71","0","0","0","0","0","0","0","0","43","2","0","2","0.0","0.0","0.0","0","0","25","37","67.6","3","25","2","0","0"
"65","United States-November-29","IR","Iran","Abolfazl Jalali","25","LB","24-156","1.ir Esteghlal","19","0","0","0","0","0","0","1","0","34","0","0","0","0.0","0.0","0.0","1","0","20","29","69.0","3","20","1","5","1"
"66","United States-November-29","IR","Iran","Ahmad Nourollahi","21","CM,RM","29-300","1.ae Al-Ahli Dubai FC","70","0","0","0","0","0","0","0","0","21","0","0","0","0.0","0.0","0.0","0","0","12","17","70.6","3","11","1","0","0"
"67","United States-November-29","IR","Iran","Mehdi Torabi","16","RM","28-080","1.ir Persepolis","20","0","0","0","0","0","0","0","0","18","0","0","0","0.0","0.0","0.0","0","0","15","16","93.8","1","15","1","0","0"
"68","United States-November-29","IR","Iran","Saeid Ezatolahi","6","CM","26-059","2.dk Vejle BK","90","0","0","0","0","1","0","0","0","66","1","1","0","0.0","0.0","0.0","1","0","40","53","75.5","2","38","0","0","0"
"69","United States-November-29","IR","Iran","Ali Gholizadeh","17","RM,AM","26-264","1.be Charleroi","78","0","0","0","0","0","0","0","0","30","0","1","3","0.0","0.0","0.0","0","0","14","23","60.9","1","18","0","3","3"
"70","United States-November-29","IR","Iran","Karim Ansarifard","10","AM","32-240","1.cy AC Omonia","12","0","0","0","0","0","0","0","0","4","0","0","1","0.0","0.0","0.0","0","0","2","2","100.0","0","2","0","0","0"
"71","United States-November-29","IR","Iran","Milad Mohammadi","5","LB","29-061","1.gr AEK Athens","44","0","0","0","0","0","0","0","0","25","5","0","0","0.0","0.0","0.0","0","0","14","17","82.4","1","10","0","0","0"
"72","United States-November-29","IR","Iran","Ali Karimi","18","LM","28-291","1.tr Kayserispor","46","0","0","0","0","0","0","0","0","39","1","3","0","0.0","0.0","0.0","1","0","27","31","87.1","3","22","1","0","0"
"73","United States-November-29","IR","Iran","Morteza Pouraliganji","8","CB","30-224","1.ir Persepolis","90","0","0","0","0","1","0","0","0","80","1","1","3","0.0","0.0","0.2","1","0","58","71","81.7","2","56","1","0","0"
"74","United States-November-29","IR","Iran","Majid Hosseini","19","CB","26-162","1.tr Kayserispor","90","0","0","0","0","0","0","1","0","71","3","4","1","0.0","0.0","0.0","1","0","51","59","86.4","2","41","0","0","0"
"75","United States-November-29","IR","Iran","Ramin Rezaeian","23","RB","32-253","1.ir Sepahan","90","0","0","0","0","0","0","0","0","71","4","2","0","0.0","0.0","0.2","2","0","40","58","69.0","3","39","5","1","1"
"76","United States-November-29","IR","Iran","Alireza Beiranvand","1","GK","30-069","1.ir Persepolis","90","0","0","0","0","0","0","0","0","29","0","0","0","0.0","0.0","0.0","0","0","20","28","71.4","0","21","0","0","0"
"77","United States-November-29","Iran","IR","Josh Sargent","24","FW","22-282","2.eng Norwich City","76","0","0","0","0","3","1","0","0","30","0","1","1","0.1","0.1","0.1","2","0","18","21","85.7","1","18","2","2","2"
"78","United States-November-29","Iran","IR","Haji Wright","19","FW","24-247","1.tr Antalyaspor","14","0","0","0","0","1","1","0","0","8","0","0","0","0.1","0.1","0.0","0","0","1","4","25.0","1","3","1","0","0"
"79","United States-November-29","Iran","IR","Christian Pulisic","10","LW","24-072","1.eng Chelsea","45","1","0","0","0","2","2","0","0","26","1","0","0","0.4","0.4","0.1","4","0","11","16","68.8","3","15","2","3","1"
"80","United States-November-29","Iran","IR","Brenden Aaronson","11","LM","22-038","1.eng Leeds United","45","0","0","0","0","0","0","0","0","25","0","1","1","0.0","0.0","0.2","2","0","7","13","53.8","4","13","1","5","1"
"81","United States-November-29","Iran","IR","Timothy Weah","21","RW,FW","22-280","1.fr Lille","81","0","0","0","0","2","1","0","0","40","0","0","1","0.2","0.2","0.0","2","0","26","30","86.7","0","26","0","1","1"
"82","United States-November-29","Iran","IR","Walker Zimmerman","3","CB","29-194","1.us Nashville","9","0","0","0","0","0","0","0","0","10","0","0","1","0.0","0.0","0.0","0","0","2","6","33.3","0","0","0","0","0"
"83","United States-November-29","Iran","IR","Weston McKennie","8","LM,CM","24-093","1.it Juventus","64","0","0","0","0","0","0","0","0","41","0","0","0","0.0","0.0","0.0","2","1","29","38","76.3","9","28","3","1","0"
"84","United States-November-29","Iran","IR","Kellyn Acosta","23","CM","27-128","1.us Los Angeles FC","26","0","0","0","0","0","0","0","0","6","2","0","0","0.0","0.0","0.0","0","0","3","4","75.0","0","2","0","0","0"
"85","United States-November-29","Iran","IR","Tyler Adams","4","CM","23-288","1.eng Leeds United","90","0","0","0","0","0","0","1","0","80","3","0","1","0.0","0.0","0.0","0","0","63","70","90.0","6","45","2","1","1"
"86","United States-November-29","Iran","IR","Yunus Musah","6","RM","20-000","1.es Valencia","90","0","0","0","0","2","0","0","0","69","4","1","4","0.2","0.2","0.0","3","0","44","51","86.3","7","39","2","6","2"
"87","United States-November-29","Iran","IR","Antonee Robinson","5","LB","25-113","1.eng Fulham","90","0","0","0","0","0","0","0","0","70","0","0","0","0.0","0.0","0.0","0","0","35","58","60.3","2","34","6","2","2"
"88","United States-November-29","Iran","IR","Tim Ream","13","CB","35-055","1.eng Fulham","90","0","0","0","0","0","0","0","0","67","0","1","0","0.0","0.0","0.0","1","0","54","59","91.5","8","41","1","0","0"
"89","United States-November-29","Iran","IR","Cameron Carter-Vickers","20","CB","24-333","1.sct Celtic","90","0","0","0","0","0","0","0","0","64","0","0","1","0.0","0.0","0.0","2","0","50","58","86.2","3","37","0","0","0"
"90","United States-November-29","Iran","IR","Sergiño Dest","2","RB","22-026","1.it Milan","81","0","1","0","0","2","0","0","0","69","0","1","0","0.1","0.1","0.4","4","1","42","54","77.8","5","41","1","6","4"
"91","United States-November-29","Iran","IR","Shaquell Moore","18","RB","26-027","1.us Nashville","9","0","0","0","0","0","0","0","0","12","2","0","0","0.0","0.0","0.0","0","0","2","7","28.6","0","4","0","0","0"
"92","United States-November-29","Iran","IR","Matt Turner","1","GK","28-158","1.eng Arsenal","90","0","0","0","0","0","0","0","0","34","0","0","0","0.0","0.0","0.0","0","0","30","35","85.7","0","16","0","0","0"
"93","December-3-2022","Netherlands","United States","Memphis","10","FW","28-293","1.es Barcelona","81","1","0","0","0","4","3","0","0","43","1","0","2","0.6","0.6","0.4","1","0","23","29","79.3","3","27","4","4","1"
"94","December-3-2022","Netherlands","United States","Xavi Simons","25","FW,AM","19-226","1.nl PSV Eindhoven","9","0","0","0","0","0","0","0","0","11","1","0","0","0.0","0.0","0.0","0","0","6","10","60.0","3","6","3","0","0"
"95","December-3-2022","Netherlands","United States","Cody Gakpo","8","AM,FW","23-210","1.nl PSV Eindhoven","89","0","0","0","0","1","0","0","0","41","2","0","2","0.0","0.0","0.2","7","1","22","30","73.3","7","23","6","3","3"
"96","December-3-2022","Netherlands","United States","Wout Weghorst","19","FW,AM","30-118","1.tr Beşiktaş","1","0","0","0","0","0","0","0","0","1","0","0","0","0.0","0.0","0.0","0","0","0","1","0.0","0","1","0","0","0"
"97","December-3-2022","Netherlands","United States","Davy Klaassen","14","AM","29-285","1.nl Ajax","45","0","0","0","0","0","0","0","0","20","1","0","0","0.0","0.0","0.0","2","1","9","16","56.3","2","7","0","0","0"
"98","December-3-2022","Netherlands","United States","Teun Koopmeiners","20","CM","24-278","1.it Atalanta","45","0","0","0","0","1","1","1","0","31","3","1","0","0.0","0.0","0.0","1","0","13","24","54.2","2","15","0","0","0"
"99","December-3-2022","Netherlands","United States","Frenkie de Jong","21","CM","25-205","1.es Barcelona","90","0","0","0","0","0","0","1","0","55","1","2","2","0.0","0.0","0.0","2","1","34","43","79.1","2","27","0","1","0"
"100","December-3-2022","Netherlands","United States","Marten de Roon","15","CM","31-249","1.it Atalanta","45","0","0","0","0","0","0","0","0","21","1","0","0","0.0","0.0","0.0","0","0","12","17","70.6","0","7","0","0","0"
"101","December-3-2022","Netherlands","United States","Steven Bergwijn","7","FW","25-056","1.nl Ajax","45","0","0","0","0","1","0","0","0","27","0","0","2","0.4","0.4","0.0","1","0","19","20","95.0","1","18","1","2","0"
"102","December-3-2022","Netherlands","United States","Daley Blind","17","WB","32-269","1.nl Ajax","90","1","1","0","0","2","1","0","0","54","7","1","2","0.2","0.2","0.4","1","1","31","40","77.5","1","29","1","2","1"
"103","December-3-2022","Netherlands","United States","Denzel Dumfries","22","WB","26-229","1.it Inter","90","1","2","0","0","1","1","0","0","69","1","3","3","0.4","0.4","0.3","2","2","29","50","58.0","4","43","5","2","0"
"104","December-3-2022","Netherlands","United States","Nathan Aké","5","CB","27-288","1.eng Manchester City","89","0","0","0","0","0","0","0","0","45","0","3","0","0.0","0.0","0.0","0","0","31","33","93.9","0","17","0","0","0"
"105","December-3-2022","Netherlands","United States","Matthijs de Ligt","3","CB","23-113","1.de Bayern Munich","1","0","0","0","0","0","0","0","0","1","0","0","0","0.0","0.0","0.0","0","0","0","0","","0","0","0","0","0"
"106","December-3-2022","Netherlands","United States","Virgil van Dijk","4","CB","31-148","1.eng Liverpool","90","0","0","0","0","1","0","0","0","61","1","0","4","0.1","0.1","0.0","2","0","44","49","89.8","1","28","0","0","0"
"107","December-3-2022","Netherlands","United States","Jurriën Timber","2","CB","21-169","1.nl Ajax","90","0","0","0","0","0","0","0","0","56","3","2","1","0.0","0.0","0.0","0","0","35","43","81.4","1","36","0","0","0"
"108","December-3-2022","Netherlands","United States","Andries Noppert","23","GK","28-240","1.nl Heerenveen","90","0","0","0","0","0","0","0","0","40","0","0","0","0.0","0.0","0.0","0","0","24","37","64.9","0","25","0","0","0"
"109","December-3-2022","United States","Netherlands","Jesús Ferreira","9","FW","21-344","1.us FC Dallas","45","0","0","0","0","0","0","0","0","24","1","0","0","0.0","0.0","0.0","1","0","16","19","84.2","0","10","0","1","0"
"110","December-3-2022","United States","Netherlands","Gio Reyna","7","RW,FW","20-020","1.de Dortmund","45","0","0","0","0","2","0","0","0","38","0","0","1","0.1","0.1","0.2","2","0","24","34","70.6","2","21","2","0","0"
"111","December-3-2022","United States","Netherlands","Christian Pulisic","10","LW","24-076","1.eng Chelsea","90","0","1","0","0","3","3","0","0","51","0","0","0","0.5","0.5","0.3","4","1","19","38","50.0","3","32","6","5","1"
"112","December-3-2022","United States","Netherlands","Timothy Weah","21","RW","22-284","1.fr Lille","66","0","0","0","0","2","1","0","0","26","0","0","0","0.0","0.0","0.1","2","0","21","24","87.5","1","18","3","0","0"
"113","December-3-2022","United States","Netherlands","Brenden Aaronson","11","LM","22-042","1.eng Leeds United","24","0","0","0","0","0","0","0","0","18","1","0","2","0.0","0.0","0.0","1","0","8","9","88.9","0","10","0","4","1"
"114","December-3-2022","United States","Netherlands","Weston McKennie","8","LM","24-097","1.it Juventus","66","0","0","0","0","3","1","0","0","52","0","0","0","0.1","0.1","0.3","6","0","32","44","72.7","5","31","2","0","0"
"115","December-3-2022","United States","Netherlands","Haji Wright","19","FW","24-251","1.tr Antalyaspor","24","1","0","0","0","2","1","0","0","14","1","0","0","0.2","0.2","0.0","1","0","9","9","100.0","1","7","1","0","0"
"116","December-3-2022","United States","Netherlands","Tyler Adams","4","CM","23-292","1.eng Leeds United","90","0","0","0","0","0","0","0","0","89","1","1","2","0.0","0.0","0.4","3","0","75","83","90.4","9","58","3","0","0"
"117","December-3-2022","United States","Netherlands","Yunus Musah","6","RM","20-004","1.es Valencia","90","0","0","0","0","1","0","0","0","60","2","1","0","0.1","0.1","0.0","3","0","38","51","74.5","4","30","3","2","1"
"118","December-3-2022","United States","Netherlands","Antonee Robinson","5","LB","25-117","1.eng Fulham","89","0","0","0","0","0","0","0","0","87","2","4","1","0.0","0.0","0.0","3","0","57","77","74.0","7","51","6","2","1"
"119","December-3-2022","United States","Netherlands","Jordan Morris","16","LB","28-038","1.us Seattle","1","0","0","0","0","0","0","0","0","2","0","0","0","0.0","0.0","0.0","0","0","0","1","0.0","0","0","0","0","0"
"120","December-3-2022","United States","Netherlands","Tim Ream","13","CB","35-059","1.eng Fulham","90","0","0","0","0","1","0","0","0","95","2","1","0","0.3","0.3","0.0","1","0","75","88","85.2","5","54","2","0","0"
"121","December-3-2022","United States","Netherlands","Walker Zimmerman","3","CB","29-198","1.us Nashville","90","0","0","0","0","1","0","0","0","89","2","3","2","0.1","0.1","0.0","2","0","66","75","88.0","3","50","0","0","0"
"122","December-3-2022","United States","Netherlands","Sergiño Dest","2","RB","22-030","1.it Milan","74","0","0","0","0","2","0","0","0","52","1","1","0","0.1","0.1","0.0","0","0","31","36","86.1","5","37","6","7","1"
"123","December-3-2022","United States","Netherlands","DeAndre Yedlin","22","RB","29-147","1.us Inter Miami","16","0","0","0","0","0","0","0","0","12","1","0","0","0.0","0.0","0.0","1","1","7","10","70.0","2","5","1","0","0"
"124","December-3-2022","United States","Netherlands","Matt Turner","1","GK","28-162","1.eng Arsenal","90","0","0","0","0","0","0","0","0","28","0","0","0","0.0","0.0","0.0","0","0","19","25","76.0","0","13","0","0","0"
"125","Iran-November-25","Wales","IR","Kieffer Moore","13","FW","30-109","1.eng Bournemouth","90","0","0","0","0","2","1","0","0","41","0","2","1","0.5","0.5","0.1","4","0","15","26","57.7","3","17","1","0","0"
"126","Iran-November-25","Wales","IR","Gareth Bale","11","FW","33-132","1.us Los Angeles FC","90","0","0","0","0","1","1","0","0","31","0","0","0","0.0","0.0","0.2","2","0","20","26","76.9","2","18","1","1","1"
"127","Iran-November-25","Wales","IR","Harry Wilson","8","CM","25-248","1.eng Fulham","57","0","0","0","0","1","0","0","0","33","1","0","0","0.0","0.0","0.0","1","0","18","27","66.7","1","16","1","1","0"
"128","Iran-November-25","Wales","IR","Daniel James","20","LM","25-015","1.eng Fulham","33","0","0","0","0","0","0","0","0","16","1","0","1","0.0","0.0","0.0","2","0","6","11","54.5","0","11","0","3","1"
"129","Iran-November-25","Wales","IR","Ethan Ampadu","15","CM","22-072","1.it Spezia","76","0","0","0","0","0","0","0","0","73","0","1","3","0.0","0.0","0.0","0","0","52","67","77.6","12","43","3","2","2"
"130","Iran-November-25","Wales","IR","Joe Allen","7","CM","32-256","2.eng Swansea City","14","0","0","0","0","0","0","0","0","16","0","0","1","0.0","0.0","0.0","0","0","6","8","75.0","0","2","0","0","0"
"131","Iran-November-25","Wales","IR","Aaron Ramsey","10","CM","31-334","1.fr Nice","86","0","0","0","0","1","0","0","0","64","0","0","0","0.0","0.0","0.0","1","0","42","53","79.2","4","48","1","3","0"
"132","Iran-November-25","Wales","IR","Danny Ward","12","GK","29-156","1.eng Leicester City","4","0","0","0","0","0","0","0","0","7","0","0","0","0.0","0.0","0.0","0","0","4","7","57.1","0","3","0","0","0"
"133","Iran-November-25","Wales","IR","Neco Williams","3","WB,RB","21-226","1.eng Nott'ham Forest","90","0","0","0","0","3","0","0","0","77","4","0","2","0.1","0.1","0.1","2","0","41","58","70.7","3","34","3","4","1"
"134","Iran-November-25","Wales","IR","Connor Roberts","14","WB","27-063","2.eng Burnley","56","0","0","0","0","0","0","0","0","48","0","1","2","0.0","0.0","0.4","2","0","28","39","71.8","2","20","0","0","0"
"135","Iran-November-25","Wales","IR","Brennan Johnson","9","RM","21-186","1.eng Nott'ham Forest","34","0","0","0","0","1","0","0","0","17","0","0","0","0.1","0.1","0.0","0","0","5","9","55.6","0","9","2","1","0"
"136","Iran-November-25","Wales","IR","Ben Davies","4","CB,LB","29-215","1.eng Tottenham","90","0","0","0","0","1","1","0","0","89","2","0","2","0.1","0.1","0.0","2","0","66","80","82.5","13","55","1","1","1"
"137","Iran-November-25","Wales","IR","Joe Rodon","6","CB","25-034","1.fr Rennes","90","0","0","0","0","0","0","1","0","67","1","2","1","0.0","0.0","0.0","1","0","54","58","93.1","3","45","1","0","0"
"138","Iran-November-25","Wales","IR","Chris Mepham","5","CB","25-020","1.eng Bournemouth","90","0","0","0","0","0","0","0","0","74","1","0","1","0.0","0.0","0.0","1","0","50","65","76.9","7","44","0","0","0"
"139","Iran-November-25","Wales","IR","Wayne Hennessey","1","GK","35-305","1.eng Nott'ham Forest","85","0","0","0","0","0","0","0","1","35","0","0","0","0.0","0.0","0.0","0","0","30","34","88.2","0","28","0","0","0"
"140","Iran-November-25","IR","Wales","Sardar Azmoun","20","FW","27-328","1.de Leverkusen","67","0","0","0","0","4","2","0","0","21","0","0","0","0.4","0.4","0.1","3","0","8","13","61.5","1","10","0","1","0"
"141","Iran-November-25","IR","Wales","Karim Ansarifard","10","FW","32-236","1.cy AC Omonia","23","0","0","0","0","1","0","0","0","7","0","1","0","0.1","0.1","0.1","3","0","2","3","66.7","0","5","1","0","0"
"142","Iran-November-25","IR","Wales","Mehdi Taremi","9","LW,FW","30-130","1.pt Porto","90","0","1","0","0","2","0","0","0","37","0","0","2","0.1","0.1","0.6","8","2","15","23","65.2","4","28","3","4","1"
"143","Iran-November-25","IR","Wales","Ali Gholizadeh","17","RW","26-260","1.be Charleroi","76","0","0","0","0","1","0","0","0","37","0","0","2","0.0","0.0","0.0","4","0","21","32","65.6","3","27","3","3","1"
"144","Iran-November-25","IR","Wales","Alireza Jahanbakhsh","7","RM","29-106","1.nl Feyenoord","14","0","0","0","0","2","0","1","0","11","0","0","0","0.1","0.1","0.0","4","2","6","8","75.0","2","8","1","1","1"
"145","Iran-November-25","IR","Wales","Ehsan Hajsafi","3","LM","32-273","1.gr AEK Athens","76","0","0","0","0","1","0","0","0","43","3","1","0","0.2","0.2","0.1","2","0","20","33","60.6","3","20","4","1","0"
"146","Iran-November-25","IR","Wales","Mehdi Torabi","16","LM","28-076","1.ir Persepolis","14","0","0","0","0","1","0","0","0","15","0","0","1","0.1","0.1","0.0","1","0","6","11","54.5","3","8","1","1","1"
"147","Iran-November-25","IR","Wales","Saeid Ezatolahi","6","CM","26-055","2.dk Vejle BK","82","0","0","0","0","1","1","0","0","38","5","1","3","0.1","0.1","0.1","2","0","17","26","65.4","2","12","2","0","0"
"148","Iran-November-25","IR","Wales","Ali Karimi","18","CM","28-287","1.tr Kayserispor","8","0","0","0","0","0","0","0","0","8","0","0","0","0.0","0.0","0.0","0","0","3","8","37.5","1","4","0","0","0"
"149","Iran-November-25","IR","Wales","Ahmad Nourollahi","21","RM","29-296","1.ae Al-Ahli Dubai FC","77","0","0","0","0","4","1","0","0","37","3","4","3","0.1","0.1","0.0","0","0","13","20","65.0","3","13","0","2","1"
"150","Iran-November-25","IR","Wales","Roozbeh Cheshmi","15","CM","29-124","1.ir Esteghlal","13","1","0","0","0","1","1","0","0","6","0","1","0","0.1","0.1","0.0","0","0","2","2","100.0","0","0","0","0","0"
"151","Iran-November-25","IR","Wales","Milad Mohammadi","5","LB","29-057","1.gr AEK Athens","90","0","0","0","0","0","0","0","0","47","4","0","2","0.0","0.0","0.0","0","0","21","39","53.8","2","14","1","0","0"
"152","Iran-November-25","IR","Wales","Morteza Pouraliganji","8","CB","30-220","1.ir Persepolis","90","0","0","0","0","1","0","0","0","37","0","4","1","0.0","0.0","0.0","2","0","15","27","55.6","3","12","0","0","0"
"153","Iran-November-25","IR","Wales","Majid Hosseini","19","CB","26-158","1.tr Kayserispor","90","0","0","0","0","0","0","0","0","40","1","1","0","0.0","0.0","0.0","0","0","25","31","80.6","2","15","0","0","0"
"154","Iran-November-25","IR","Wales","Ramin Rezaeian","23","RB","32-249","1.ir Sepahan","90","1","0","0","0","2","1","1","0","59","3","1","1","0.3","0.3","0.1","6","0","33","47","70.2","5","37","2","0","0"
"155","Iran-November-25","IR","Wales","Hossein Hosseini","24","GK","30-148","1.ir Esteghlal","90","0","0","0","0","0","0","0","0","29","0","0","0","0.0","0.0","0.0","0","0","15","27","55.6","0","18","0","0","0"
"156","November-29-2022","Wales","England","Kieffer Moore","13","FW","30-113","1.eng Bournemouth","90","0","0","0","0","2","1","0","0","31","0","0","2","0.1","0.1","0.0","1","0","10","17","58.8","0","15","1","0","0"
"157","November-29-2022","Wales","England","Daniel James","20","LW","25-019","1.eng Fulham","76","0","0","0","0","0","0","1","0","18","0","0","1","0.0","0.0","0.0","0","0","10","15","66.7","0","11","0","0","0"
"158","November-29-2022","Wales","England","Harry Wilson","8","LW","25-252","1.eng Fulham","14","0","0","0","0","1","0","0","0","8","0","0","0","0.1","0.1","0.0","0","0","6","7","85.7","0","4","0","0","0"
"159","November-29-2022","Wales","England","Gareth Bale","11","RW","33-136","1.us Los Angeles FC","45","0","0","0","0","0","0","0","0","7","0","0","0","0.0","0.0","0.0","0","0","1","5","20.0","0","2","0","0","0"
"160","November-29-2022","Wales","England","Brennan Johnson","9","RW","21-190","1.eng Nott'ham Forest","45","0","0","0","0","1","0","0","0","7","0","0","1","0.1","0.1","0.0","0","0","2","3","66.7","0","4","2","2","0"
"161","November-29-2022","Wales","England","Aaron Ramsey","10","AM","31-338","1.fr Nice","90","0","0","0","0","0","0","1","0","36","1","0","3","0.0","0.0","0.0","1","0","23","29","79.3","1","24","1","1","0"
"162","November-29-2022","Wales","England","Ethan Ampadu","15","DM,RB","22-076","1.it Spezia","90","0","0","0","0","0","0","0","0","46","2","2","3","0.0","0.0","0.1","4","0","26","34","76.5","1","19","1","0","0"
"163","November-29-2022","Wales","England","Joe Allen","7","DM","32-260","2.eng Swansea City","80","0","0","0","0","2","0","0","0","37","1","1","0","0.1","0.1","0.1","1","0","24","28","85.7","1","17","0","0","0"
"164","November-29-2022","Wales","England","Rubin Colwill","25","DM","20-216","2.eng Cardiff City","10","0","0","0","0","1","0","0","0","6","0","0","1","0.0","0.0","0.0","2","0","2","4","50.0","0","1","0","0","0"
"165","November-29-2022","Wales","England","Ben Davies","4","LB","29-219","1.eng Tottenham","58","0","0","0","0","0","0","0","0","35","2","0","0","0.0","0.0","0.0","1","0","15","30","50.0","0","12","0","1","0"
"166","November-29-2022","Wales","England","Joe Morrell","16","DM","25-330","3.eng Portsmouth","32","0","0","0","0","0","0","0","0","19","2","1","1","0.0","0.0","0.0","0","0","11","12","91.7","1","11","0","0","0"
"167","November-29-2022","Wales","England","Joe Rodon","6","CB","25-038","1.fr Rennes","90","0","0","0","0","0","0","0","0","56","0","1","1","0.0","0.0","0.0","1","0","45","49","91.8","0","35","0","0","0"
"168","November-29-2022","Wales","England","Chris Mepham","5","CB","25-024","1.eng Bournemouth","90","0","0","0","0","0","0","0","0","61","3","1","2","0.0","0.0","0.1","1","0","46","51","90.2","3","40","0","0","0"
"169","November-29-2022","Wales","England","Neco Williams","3","RB","21-230","1.eng Nott'ham Forest","36","0","0","0","0","0","0","0","0","11","0","1","1","0.0","0.0","0.0","0","0","4","7","57.1","0","6","0","1","0"
"170","November-29-2022","Wales","England","Connor Roberts","14","LB,RB","27-067","2.eng Burnley","54","0","0","0","0","0","0","0","0","33","1","0","0","0.0","0.0","0.0","2","0","27","29","93.1","3","20","1","0","0"
"171","November-29-2022","Wales","England","Danny Ward","12","GK","29-160","1.eng Leicester City","90","0","0","0","0","0","0","0","0","35","0","0","0","0.0","0.0","0.0","0","0","20","32","62.5","0","19","0","0","0"
"172","November-29-2022","England","Wales","Harry Kane","9","FW","29-124","1.eng Tottenham","57","0","1","0","0","2","0","0","0","17","0","0","0","0.1","0.1","0.7","2","0","6","10","60.0","2","14","1","0","0"
"173","November-29-2022","England","Wales","Callum Wilson","24","FW","30-275","1.eng Newcastle Utd","33","0","0","0","0","0","0","0","0","11","0","0","0","0.0","0.0","0.3","3","0","5","6","83.3","3","9","1","1","0"
"174","November-29-2022","England","Wales","Marcus Rashford","11","LW,RW","25-029","1.eng Manchester Utd","74","2","0","0","0","6","4","0","0","46","1","1","2","0.9","0.9","0.0","1","1","23","31","74.2","0","31","2","5","3"
"175","November-29-2022","England","Wales","Jack Grealish","7","LW","27-080","1.eng Manchester City","16","0","0","0","0","0","0","0","0","15","0","0","0","0.0","0.0","0.1","2","0","13","14","92.9","0","12","2","3","3"
"176","November-29-2022","England","Wales","Phil Foden","20","RW,LW","22-185","1.eng Manchester City","90","1","0","0","0","5","1","0","0","50","0","0","2","1.0","1.0","0.0","2","1","26","37","70.3","2","28","2","1","0"
"177","November-29-2022","England","Wales","Jude Bellingham","22","LM","19-153","1.de Dortmund","90","0","0","0","0","2","1","0","0","60","2","1","0","0.3","0.3","0.2","5","0","46","51","90.2","4","42","1","3","1"
"178","November-29-2022","England","Wales","Declan Rice","4","CM","23-319","1.eng West Ham","57","0","0","0","0","0","0","0","0","50","0","1","1","0.0","0.0","0.0","1","0","44","46","95.7","6","33","0","0","0"
"179","November-29-2022","England","Wales","Kalvin Phillips","14","CM","26-362","1.eng Manchester City","33","0","1","0","0","0","0","0","0","16","0","0","0","0.0","0.0","0.1","1","1","14","15","93.3","0","12","0","0","0"
"180","November-29-2022","England","Wales","Jordan Henderson","8","RM","32-165","1.eng Liverpool","90","0","0","0","0","0","0","0","0","65","2","0","1","0.0","0.0","0.0","2","0","48","60","80.0","4","44","0","1","0"
"181","November-29-2022","England","Wales","Luke Shaw","3","LB","27-140","1.eng Manchester Utd","64","0","0","0","0","0","0","0","0","62","0","0","0","0.0","0.0","0.1","4","1","51","61","83.6","10","50","0","0","0"
"182","November-29-2022","England","Wales","Kieran Trippier","12","LB","32-071","1.eng Newcastle Utd","26","0","0","0","0","0","0","0","0","18","1","0","1","0.0","0.0","0.0","0","0","17","17","100.0","1","12","0","0","0"
"183","November-29-2022","England","Wales","Harry Maguire","6","CB","29-269","1.eng Manchester Utd","90","0","0","0","0","1","0","0","0","92","0","1","1","0.0","0.0","0.0","1","0","77","85","90.6","3","75","3","0","0"
"184","November-29-2022","England","Wales","John Stones","5","CB","28-185","1.eng Manchester City","90","0","0","0","0","2","1","0","0","89","0","0","0","0.2","0.2","0.0","0","0","76","84","90.5","3","68","3","0","0"
"185","November-29-2022","England","Wales","Kyle Walker","2","RB","32-185","1.eng Manchester City","56","0","0","0","0","0","0","0","0","57","0","1","0","0.0","0.0","0.0","1","0","49","54","90.7","7","39","0","0","0"
"186","November-29-2022","England","Wales","Trent Alexander-Arnold","18","RB","24-053","1.eng Liverpool","34","0","0","0","0","0","0","0","0","24","0","0","1","0.0","0.0","0.0","0","0","21","23","91.3","3","16","0","0","0"
"187","November-29-2022","England","Wales","Jordan Pickford","1","GK","28-267","1.eng Everton","90","0","0","0","0","0","0","0","0","33","0","0","0","0.0","0.0","0.0","0","0","29","32","90.6","0","26","0","0","0"
"188","Iran-November-21","England","IR","Harry Kane","9","FW","29-116","1.eng Tottenham","75","0","2","0","0","0","0","0","0","17","0","0","0","0.0","0.0","0.7","4","2","10","16","62.5","2","13","1","2","1"
"189","Iran-November-21","England","IR","Callum Wilson","24","FW","30-267","1.eng Newcastle Utd","15","0","1","0","0","0","0","0","0","6","0","0","0","0.0","0.0","0.6","1","1","4","4","100.0","0","4","1","0","0"
"190","Iran-November-21","England","IR","Raheem Sterling","10","LW","27-348","1.eng Chelsea","70","1","1","0","0","1","1","0","0","35","0","0","0","0.4","0.4","0.1","4","3","25","29","86.2","5","27","0","3","2"
"191","Iran-November-21","England","IR","Jack Grealish","7","LW","27-072","1.eng Manchester City","20","1","0","0","0","1","1","0","0","25","1","1","1","0.6","0.6","0.0","0","0","19","19","100.0","1","20","0","1","0"
"192","Iran-November-21","England","IR","Bukayo Saka","17","RW","21-077","1.eng Arsenal","69","2","0","0","0","3","3","0","0","45","1","1","3","0.2","0.2","0.1","2","0","23","28","82.1","3","33","4","6","1"
"193","Iran-November-21","England","IR","Marcus Rashford","11","RW","25-021","1.eng Manchester Utd","21","1","0","0","0","2","1","0","0","26","0","0","0","0.4","0.4","0.0","1","0","15","20","75.0","2","22","3","3","1"
"194","Iran-November-21","England","IR","Mason Mount","19","AM","23-315","1.eng Chelsea","70","0","0","0","0","1","0","0","0","44","1","0","1","0.1","0.1","0.0","1","0","32","37","86.5","4","34","1","2","2"
"195","Iran-November-21","England","IR","Phil Foden","20","AM","22-177","1.eng Manchester City","20","0","0","0","0","0","0","0","0","23","0","0","0","0.0","0.0","0.1","1","0","15","19","78.9","1","23","2","1","1"
"196","Iran-November-21","England","IR","Declan Rice","4","DM","23-311","1.eng West Ham","90","0","0","0","0","0","0","0","0","103","1","3","1","0.0","0.0","0.0","0","0","90","96","93.8","3","88","2","1","0"
"197","Iran-November-21","England","IR","Jude Bellingham","22","DM","19-145","1.de Dortmund","90","1","0","0","0","1","1","0","0","107","3","0","2","0.1","0.1","0.0","2","2","92","98","93.9","9","76","2","2","2"
"198","Iran-November-21","England","IR","Luke Shaw","3","LB","27-132","1.eng Manchester Utd","90","0","1","0","0","1","0","0","0","120","0","1","0","0.0","0.0","0.1","2","2","101","118","85.6","7","95","4","1","1"
"199","Iran-November-21","England","IR","Harry Maguire","6","CB","29-261","1.eng Manchester Utd","69","0","1","0","0","2","0","0","0","79","1","0","1","0.2","0.2","0.0","1","1","66","74","89.2","1","60","1","1","1"
"200","Iran-November-21","England","IR","Eric Dier","15","CB","28-310","1.eng Tottenham","21","0","0","0","0","0","0","0","0","31","0","0","0","0.0","0.0","0.0","0","0","30","30","100.0","0","26","0","0","0"
"201","Iran-November-21","England","IR","John Stones","5","CB","28-177","1.eng Manchester City","90","0","0","0","0","0","0","0","0","118","0","0","0","0.0","0.0","0.0","0","0","116","117","99.1","8","106","1","1","1"
"202","Iran-November-21","England","IR","Kieran Trippier","12","RB","32-063","1.eng Newcastle Utd","90","0","0","0","0","1","0","0","0","114","5","1","2","0.0","0.0","0.1","2","0","85","104","81.7","7","71","0","0","0"
"203","Iran-November-21","England","IR","Jordan Pickford","1","GK","28-259","1.eng Everton","90","0","0","0","0","0","0","0","0","31","0","0","0","0.0","0.0","0.0","1","1","17","29","58.6","0","22","0","0","0"
"204","Iran-November-21","IR","England","Mehdi Taremi","9","FW","30-126","1.pt Porto","90","2","0","1","1","2","1","0","0","32","0","2","1","1.0","0.2","0.0","3","1","17","20","85.0","4","20","1","2","0"
"205","Iran-November-21","IR","England","Ehsan Hajsafi","3","LM,LB","32-269","1.gr AEK Athens","90","0","0","0","0","0","0","0","0","35","1","1","1","0.0","0.0","0.1","1","0","16","28","57.1","2","18","1","1","0"
"206","Iran-November-21","IR","England","Ali Karimi","18","CM","28-283","1.tr Kayserispor","45","0","0","0","0","0","0","0","0","8","2","0","0","0.0","0.0","0.0","0","0","4","6","66.7","0","3","0","0","0"
"207","Iran-November-21","IR","England","Saeid Ezatolahi","6","CM","26-051","2.dk Vejle BK","45","0","0","0","0","1","0","0","0","12","0","0","0","0.0","0.0","0.1","1","0","9","9","100.0","1","9","0","1","0"
"208","Iran-November-21","IR","England","Ahmad Nourollahi","21","CM","29-292","1.ae Al-Ahli Dubai FC","76","0","0","0","0","1","0","0","0","27","1","2","0","0.0","0.0","0.0","0","0","10","17","58.8","2","14","1","0","0"
"209","Iran-November-21","IR","England","Sardar Azmoun","20","FW","27-324","1.de Leverkusen","14","0","0","0","0","1","1","0","0","6","0","0","0","0.5","0.5","0.0","0","0","4","5","80.0","1","3","2","0","0"
"210","Iran-November-21","IR","England","Alireza Jahanbakhsh","7","RM","29-102","1.nl Feyenoord","45","0","0","0","0","1","0","1","0","16","1","1","2","0.1","0.1","0.0","0","0","5","9","55.6","1","6","1","0","0"
"211","Iran-November-21","IR","England","Ali Gholizadeh","17","RM,CM","26-256","1.be Charleroi","45","0","1","0","0","0","0","0","0","21","0","2","0","0.0","0.0","0.2","3","1","11","17","64.7","1","15","1","2","0"
"212","Iran-November-21","IR","England","Milad Mohammadi","5","LB","29-053","1.gr AEK Athens","62","0","0","0","0","0","0","0","0","22","1","1","0","0.0","0.0","0.0","0","0","9","12","75.0","0","8","0","1","0"
"213","Iran-November-21","IR","England","Mehdi Torabi","16","CM,LM","28-072","1.ir Persepolis","28","0","0","0","0","1","0","0","0","15","1","2","0","0.0","0.0","0.5","4","0","9","10","90.0","2","8","0","1","0"
"214","Iran-November-21","IR","England","Majid Hosseini","19","CB","26-154","1.tr Kayserispor","90","0","0","0","0","0","0","0","0","26","3","1","2","0.0","0.0","0.0","0","0","10","16","62.5","0","11","0","0","0"
"215","Iran-November-21","IR","England","Roozbeh Cheshmi","15","CB","29-120","1.ir Esteghlal","45","0","0","0","0","0","0","0","0","13","0","1","1","0.0","0.0","0.0","0","0","5","9","55.6","0","5","0","0","0"
"216","Iran-November-21","IR","England","Hossein Kanaanizadegan","13","CB","28-243","1.qa Al Ahli SC","45","0","0","0","0","0","0","0","0","15","0","1","1","0.0","0.0","0.0","0","0","8","11","72.7","0","7","0","0","0"
"217","Iran-November-21","IR","England","Morteza Pouraliganji","8","CB","30-216","1.ir Persepolis","90","0","0","0","0","0","0","1","0","39","1","1","1","0.0","0.0","0.0","2","1","19","30","63.3","2","15","0","0","0"
"218","Iran-November-21","IR","England","Sadegh Moharrami","2","RB","26-265","1.hr Dinamo Zagreb","90","0","0","0","0","0","0","0","0","34","1","1","1","0.0","0.0","0.0","1","1","18","26","69.2","0","16","2","1","1"
"219","Iran-November-21","IR","England","Alireza Beiranvand","1","GK","30-061","1.ir Persepolis","19","0","0","0","0","0","0","0","0","4","0","0","0","0.0","0.0","0.0","0","0","0","3","0.0","0","1","0","0","0"
"220","Iran-November-21","IR","England","Hossein Hosseini","24","GK","30-144","1.ir Esteghlal","71","0","0","0","0","0","0","0","0","20","0","0","0","0.0","0.0","0.0","0","0","8","20","40.0","0","15","0","0","0"
"221","December-4-2022","England","Senegal","Harry Kane","9","FW","29-129","1.eng Tottenham","90","1","0","0","0","3","2","0","0","38","0","0","2","0.5","0.5","0.0","2","1","17","25","68.0","7","30","1","3","2"
"222","December-4-2022","England","Senegal","Phil Foden","20","LW","22-190","1.eng Manchester City","64","0","2","0","0","0","0","0","0","37","1","0","0","0.0","0.0","0.4","3","2","27","35","77.1","3","24","1","1","1"
"223","December-4-2022","England","Senegal","Jack Grealish","7","LW","27-085","1.eng Manchester City","26","0","0","0","0","0","0","0","0","16","2","1","0","0.0","0.0","0.0","1","0","7","9","77.8","2","11","0","3","0"
"224","December-4-2022","England","Senegal","Bukayo Saka","17","RW","21-090","1.eng Arsenal","64","1","0","0","0","2","1","0","0","36","3","0","0","0.1","0.1","0.2","1","0","24","30","80.0","3","26","1","0","0"
"225","December-4-2022","England","Senegal","Marcus Rashford","11","RW","25-034","1.eng Manchester Utd","26","0","0","0","0","1","0","0","0","12","0","0","0","0.2","0.2","0.0","0","0","6","10","60.0","1","7","0","0","0"
"226","December-4-2022","England","Senegal","Jude Bellingham","22","LM","19-158","1.de Dortmund","76","0","1","0","0","0","0","0","0","50","4","2","2","0.0","0.0","0.1","3","3","30","34","88.2","3","29","3","6","3"
"227","December-4-2022","England","Senegal","Mason Mount","19","LM","23-328","1.eng Chelsea","14","0","0","0","0","0","0","0","0","4","0","0","0","0.0","0.0","0.0","0","0","3","3","100.0","0","2","0","0","0"
"228","December-4-2022","England","Senegal","Declan Rice","4","CM","23-324","1.eng West Ham","90","0","0","0","0","0","0","0","0","63","1","1","0","0.0","0.0","0.0","1","0","52","57","91.2","4","51","2","1","0"
"229","December-4-2022","England","Senegal","Jordan Henderson","8","RM","32-170","1.eng Liverpool","81","1","0","0","0","1","1","0","0","53","2","0","1","0.1","0.1","0.0","0","0","40","47","85.1","4","44","2","1","0"
"230","December-4-2022","England","Senegal","Kalvin Phillips","14","RM","27-002","1.eng Manchester City","9","0","0","0","0","0","0","0","0","4","0","0","0","0.0","0.0","0.0","0","0","3","4","75.0","1","3","0","0","0"
"231","December-4-2022","England","Senegal","Luke Shaw","3","LB","27-145","1.eng Manchester Utd","90","0","0","0","0","0","0","0","0","71","1","2","0","0.0","0.0","0.2","2","0","58","66","87.9","8","48","3","0","0"
"232","December-4-2022","England","Senegal","Harry Maguire","6","CB","29-274","1.eng Manchester Utd","90","0","0","0","0","0","0","0","0","84","4","1","1","0.0","0.0","0.0","1","0","62","76","81.6","8","67","2","0","0"
"233","December-4-2022","England","Senegal","John Stones","5","CB","28-190","1.eng Manchester City","75","0","0","0","0","1","0","0","0","95","0","1","1","0.1","0.1","0.0","0","0","85","92","92.4","2","81","0","0","0"
"234","December-4-2022","England","Senegal","Eric Dier","15","CB","28-323","1.eng Tottenham","15","0","0","0","0","0","0","0","0","13","1","0","0","0.0","0.0","0.0","0","0","10","11","90.9","0","9","0","0","0"
"235","December-4-2022","England","Senegal","Kyle Walker","2","RB","32-190","1.eng Manchester City","90","0","0","0","0","0","0","0","0","90","2","1","0","0.0","0.0","0.0","0","0","70","80","87.5","4","58","1","1","1"
"236","December-4-2022","England","Senegal","Jordan Pickford","1","GK","28-272","1.eng Everton","90","0","0","0","0","0","0","0","0","50","0","0","0","0.0","0.0","0.0","1","0","38","48","79.2","0","34","0","0","0"
"237","December-4-2022","Senegal","England","Boulaye Dia","9","FW,RW","26-018","1.it Salernitana","71","0","0","0","0","2","1","0","0","14","0","0","1","0.2","0.2","0.0","2","0","8","9","88.9","1","9","0","0","0"
"238","December-4-2022","Senegal","England","Famara Diedhiou","19","FW","29-354","1.tr Alanyaspor","19","0","0","0","0","0","0","0","0","5","0","0","0","0.0","0.0","0.0","3","0","4","5","80.0","0","4","0","0","0"
"239","December-4-2022","Senegal","England","Ismaila Sarr","18","LW","24-282","2.eng Watford","90","0","0","0","0","2","0","0","0","33","0","0","0","0.4","0.4","0.1","1","0","17","22","77.3","2","23","1","2","1"
"240","December-4-2022","Senegal","England","Krépin Diatta","15","RW","23-282","1.fr Monaco","45","0","0","0","0","0","0","0","0","13","0","0","0","0.0","0.0","0.1","1","0","8","12","66.7","0","13","2","0","0"
"241","December-4-2022","Senegal","England","Pape Matar Sarr","17","DM","20-081","1.eng Tottenham","45","0","0","0","0","4","0","0","0","39","2","0","1","0.1","0.1","0.0","0","0","24","29","82.8","2","25","0","2","0"
"242","December-4-2022","Senegal","England","Iliman Ndiaye","13","AM","22-273","2.eng Sheffield Utd","45","0","0","0","0","0","0","0","0","12","0","1","1","0.0","0.0","0.0","0","0","7","8","87.5","0","9","0","0","0"
"243","December-4-2022","Senegal","England","Bamba Dieng","20","FW,RW","22-256","1.fr Marseille","45","0","0","0","0","1","0","0","0","12","1","0","1","0.0","0.0","0.0","3","0","2","5","40.0","0","8","0","2","0"
"244","December-4-2022","Senegal","England","Nampalys Mendy","6","DM","30-164","1.eng Leicester City","90","0","0","0","0","0","0","0","0","57","0","1","3","0.0","0.0","0.0","2","0","49","50","98.0","3","39","1","0","0"
"245","December-4-2022","Senegal","England","Pathé Ciss","11","DM","28-263","1.es Rayo Vallecano","45","0","0","0","0","0","0","0","0","26","1","1","0","0.0","0.0","0.0","0","0","15","20","75.0","4","15","0","0","0"
"246","December-4-2022","Senegal","England","Pape Gueye","26","AM","23-314","1.fr Marseille","45","0","0","0","0","1","0","0","0","23","1","0","0","0.0","0.0","0.0","1","0","17","20","85.0","3","15","0","1","0"
"247","December-4-2022","Senegal","England","Ismail Jakobs","14","LB","23-109","1.fr Monaco","83","0","0","0","0","0","0","0","0","47","0","1","0","0.0","0.0","0.1","1","0","25","38","65.8","2","19","2","1","0"
"248","December-4-2022","Senegal","England","Fodé Ballo-Touré","12","LB","25-335","1.it Milan","7","0","0","0","0","0","0","0","0","10","0","0","1","0.0","0.0","0.0","0","0","5","8","62.5","0","6","2","1","0"
"249","December-4-2022","Senegal","England","Abdou Diallo","22","CB","26-214","1.de RB Leipzig","90","0","0","0","0","0","0","0","0","56","0","0","0","0.0","0.0","0.0","0","0","43","53","81.1","1","42","1","0","0"
"250","December-4-2022","Senegal","England","Kalidou Koulibaly","3","CB","31-167","1.eng Chelsea","90","0","0","0","0","0","0","1","0","70","4","0","2","0.0","0.0","0.0","0","0","36","54","66.7","2","40","0","0","0"
"251","December-4-2022","Senegal","England","Youssouf Sabaly","21","RB","29-274","1.es Betis","90","0","0","0","0","0","0","0","0","47","2","2","1","0.0","0.0","0.0","2","0","35","41","85.4","2","28","3","2","1"
"252","December-4-2022","Senegal","England","Edouard Mendy","16","GK","30-278","1.eng Chelsea","90","0","0","0","0","0","0","0","0","28","0","0","1","0.0","0.0","0.0","0","0","20","26","76.9","0","18","0","0","0"
"253","December-10-2022","England","France","Harry Kane","9","FW","29-135","1.eng Tottenham","90","1","0","1","2","3","3","0","0","34","0","0","0","1.8","0.2","0.0","1","0","13","23","56.5","2","18","1","0","0"
"254","December-10-2022","England","France","Phil Foden","20","LW","22-196","1.eng Manchester City","84","0","0","0","0","1","0","0","0","34","0","1","0","0.0","0.0","0.1","4","0","22","26","84.6","1","24","0","3","1"
"255","December-10-2022","England","France","Marcus Rashford","11","LW","25-040","1.eng Manchester Utd","6","0","0","0","0","1","0","0","0","5","0","0","0","0.1","0.1","0.0","0","0","3","3","100.0","1","3","0","0","0"
"256","December-10-2022","England","France","Bukayo Saka","17","RW","21-096","1.eng Arsenal","78","0","0","0","0","1","1","0","0","36","3","0","1","0.1","0.1","0.2","5","1","18","25","72.0","3","31","6","4","1"
"257","December-10-2022","England","France","Raheem Sterling","10","RW","28-002","1.eng Chelsea","12","0","0","0","0","0","0","0","0","9","1","0","0","0.0","0.0","0.0","0","0","4","7","57.1","0","7","1","0","0"
"258","December-10-2022","England","France","Jude Bellingham","22","LM","19-164","1.de Dortmund","90","0","0","0","0","2","1","0","0","62","5","1","3","0.2","0.2","0.0","5","1","36","47","76.6","5","40","2","1","0"
"259","December-10-2022","England","France","Declan Rice","4","CM,CB","23-330","1.eng West Ham","90","0","0","0","0","0","0","0","0","75","3","3","1","0.0","0.0","0.0","3","0","58","62","93.5","3","58","4","1","0"
"260","December-10-2022","England","France","Jordan Henderson","8","RM","32-176","1.eng Liverpool","78","0","0","0","0","1","0","0","0","47","0","1","1","0.0","0.0","0.3","6","0","39","43","90.7","6","40","0","0","0"
"261","December-10-2022","England","France","Mason Mount","19","RM","23-334","1.eng Chelsea","12","0","0","0","0","1","0","0","0","3","0","0","0","0.0","0.0","0.0","1","0","2","2","100.0","0","2","0","0","0"
"262","December-10-2022","England","France","Luke Shaw","3","LB","27-151","1.eng Manchester Utd","90","0","0","0","0","2","1","0","0","80","1","0","0","0.1","0.1","0.0","1","0","55","71","77.5","3","50","2","0","0"
"263","December-10-2022","England","France","Harry Maguire","6","CB","29-280","1.eng Manchester Utd","90","0","0","0","0","2","0","1","0","100","1","1","0","0.1","0.1","0.0","2","0","78","91","85.7","9","78","3","0","0"
"264","December-10-2022","England","France","John Stones","5","CB","28-196","1.eng Manchester City","89","0","0","0","0","0","0","0","0","76","1","0","1","0.0","0.0","0.1","2","0","72","72","100.0","5","63","0","1","1"
"265","December-10-2022","England","France","Jack Grealish","7","CM,CB","27-091","1.eng Manchester City","1","0","0","0","0","0","0","0","0","0","0","0","0","0.0","0.0","0.0","0","0","0","0","","0","0","0","0","0"
"266","December-10-2022","England","France","Kyle Walker","2","RB","32-196","1.eng Manchester City","90","0","0","0","0","0","0","0","0","50","1","1","2","0.0","0.0","0.0","2","0","43","47","91.5","7","33","2","2","1"
"267","December-10-2022","England","France","Jordan Pickford","1","GK","28-278","1.eng Everton","90","0","0","0","0","0","0","0","0","26","0","0","0","0.0","0.0","0.0","0","0","20","24","83.3","0","13","0","0","0"
"268","December-10-2022","France","England","Olivier Giroud","9","FW","36-071","1.it Milan","90","1","0","0","0","4","3","0","0","23","0","0","0","0.7","0.7","0.0","0","0","6","11","54.5","2","9","0","0","0"
"269","December-10-2022","France","England","Kylian Mbappé","10","LW","23-355","1.fr Paris S-G","90","0","0","0","0","1","0","0","0","36","0","0","0","0.1","0.1","0.0","1","0","24","28","85.7","5","32","5","6","2"
"270","December-10-2022","France","England","Ousmane Dembélé","11","RW","25-209","1.es Barcelona","78","0","0","0","0","1","0","1","0","48","3","0","0","0.0","0.0","0.5","4","1","30","38","78.9","2","31","2","2","0"
"271","December-10-2022","France","England","Kingsley Coman","20","RW","26-180","1.de Bayern Munich","12","0","0","0","0","0","0","0","0","3","0","0","0","0.0","0.0","0.0","0","0","0","1","0.0","0","2","0","0","0"
"272","December-10-2022","France","England","Antoine Griezmann","7","AM","31-264","1.es Atlético Madrid","90","0","2","0","0","0","0","1","0","53","2","0","1","0.0","0.0","0.2","4","2","39","48","81.3","6","35","1","2","1"
"273","December-10-2022","France","England","Adrien Rabiot","14","DM","27-251","1.it Juventus","90","0","0","0","0","1","1","0","0","51","0","2","2","0.1","0.1","0.0","2","0","33","43","76.7","4","33","3","1","1"
"274","December-10-2022","France","England","Aurélien Tchouaméni","8","DM","22-317","1.es Real Madrid","90","1","0","0","0","1","1","0","0","47","1","0","0","0.0","0.0","0.0","0","0","37","41","90.2","4","36","0","0","0"
"275","December-10-2022","France","England","Theo Hernández","22","LB","25-065","1.it Milan","90","0","0","0","0","0","0","1","0","50","3","1","0","0.0","0.0","0.2","3","1","34","40","85.0","2","32","1","0","0"
"276","December-10-2022","France","England","Dayot Upamecano","18","CB","24-044","1.de Bayern Munich","90","0","0","0","0","0","0","0","0","53","1","1","0","0.0","0.0","0.0","0","0","37","47","78.7","1","36","0","0","0"
"277","December-10-2022","France","England","Raphaël Varane","4","CB","29-229","1.eng Manchester Utd","90","0","0","0","0","0","0","0","0","45","0","0","1","0.0","0.0","0.0","1","0","32","37","86.5","1","29","0","0","0"
"278","December-10-2022","France","England","Jules Koundé","5","RB","24-028","1.es Barcelona","90","0","0","0","0","0","0","0","0","58","0","1","3","0.0","0.0","0.1","1","0","38","49","77.6","4","23","1","0","0"
"279","December-10-2022","France","England","Hugo Lloris","1","GK","35-349","1.eng Tottenham","90","0","0","0","0","0","0","0","0","32","0","0","0","0.0","0.0","0.0","0","0","15","26","57.7","0","16","0","0","0"
"280","November-21-2022","Senegal","Netherlands","Boulaye Dia","9","FW","26-005","1.it Salernitana","68","0","0","0","0","2","1","0","0","16","0","0","0","0.1","0.1","0.0","1","0","10","11","90.9","1","11","2","1","0"
"281","November-21-2022","Senegal","Netherlands","Bamba Dieng","20","FW","22-243","1.fr Marseille","22","0","0","0","0","2","0","0","0","5","1","0","0","0.2","0.2","0.0","0","0","0","1","0.0","0","4","0","0","0"
"282","November-21-2022","Senegal","Netherlands","Ismaila Sarr","18","LW","24-269","2.eng Watford","90","0","0","0","0","3","0","0","0","32","3","0","0","0.2","0.2","0.3","6","0","10","20","50.0","2","23","6","4","2"
"283","November-21-2022","Senegal","Netherlands","Krépin Diatta","15","RW","23-269","1.fr Monaco","73","0","0","0","0","2","0","0","0","43","0","0","0","0.1","0.1","0.1","1","0","33","36","91.7","5","34","4","1","0"
"284","November-21-2022","Senegal","Netherlands","Nicolas Jackson","7","RW","21-154","1.es Villarreal","17","0","0","0","0","0","0","0","0","11","0","0","0","0.0","0.0","0.0","2","0","9","10","90.0","1","9","0","0","0"
"285","November-21-2022","Senegal","Netherlands","Idrissa Gana Gueye","5","AM","33-056","1.eng Everton","90","0","0","0","0","2","1","1","0","54","0","0","1","0.1","0.1","0.0","3","0","36","45","80.0","3","30","2","0","0"
"286","November-21-2022","Senegal","Netherlands","Nampalys Mendy","6","DM","30-151","1.eng Leicester City","90","0","0","0","0","0","0","1","0","60","3","1","0","0.0","0.0","0.0","3","0","37","49","75.5","1","35","1","0","0"
"287","November-21-2022","Senegal","Netherlands","Cheikhou Kouyaté","8","DM","32-335","1.eng Nott'ham Forest","72","0","0","0","0","0","0","0","0","35","0","2","2","0.0","0.0","0.0","2","0","19","23","82.6","1","21","0","1","1"
"288","November-21-2022","Senegal","Netherlands","Pape Gueye","26","DM","23-301","1.fr Marseille","18","0","0","0","0","1","1","0","0","17","0","2","0","0.0","0.0","0.0","1","0","9","14","64.3","1","10","0","0","0"
"289","November-21-2022","Senegal","Netherlands","Abdou Diallo","22","LB","26-201","1.de RB Leipzig","61","0","0","0","0","0","0","0","0","38","2","0","0","0.0","0.0","0.1","1","0","13","30","43.3","0","23","1","0","0"
"290","November-21-2022","Senegal","Netherlands","Ismail Jakobs","14","LB","23-096","1.fr Monaco","29","0","0","0","0","1","0","0","0","16","0","1","0","0.0","0.0","0.1","1","0","9","11","81.8","2","8","1","0","0"
"291","November-21-2022","Senegal","Netherlands","Pape Abou Cissé","4","CB","27-068","1.gr Olympiacos","90","0","0","0","0","0","0","0","0","35","0","2","1","0.0","0.0","0.0","1","0","19","25","76.0","0","22","0","1","1"
"292","November-21-2022","Senegal","Netherlands","Kalidou Koulibaly","3","CB","31-154","1.eng Chelsea","90","0","0","0","0","0","0","0","0","61","2","0","1","0.0","0.0","0.0","2","0","42","50","84.0","4","37","0","0","0"
"293","November-21-2022","Senegal","Netherlands","Youssouf Sabaly","21","RB","29-261","1.es Betis","90","0","0","0","0","2","1","0","0","81","3","2","0","0.0","0.0","0.2","3","0","60","70","85.7","6","52","2","0","0"
"294","November-21-2022","Senegal","Netherlands","Edouard Mendy","16","GK","30-265","1.eng Chelsea","90","0","0","0","0","0","0","0","0","34","0","0","0","0.0","0.0","0.0","0","0","27","32","84.4","0","21","0","0","0"
"295","November-21-2022","Netherlands","Senegal","Steven Bergwijn","7","FW","25-044","1.nl Ajax","78","0","0","0","0","0","0","0","0","24","1","0","0","0.0","0.0","0.0","0","0","15","20","75.0","1","19","1","0","0"
"296","November-21-2022","Netherlands","Senegal","Davy Klaassen","14","FW","29-273","1.nl Ajax","12","1","0","0","0","1","1","0","0","5","0","0","0","0.1","0.1","0.0","0","0","3","4","75.0","0","3","0","0","0"
"297","November-21-2022","Netherlands","Senegal","Vincent Janssen","18","FW","28-159","1.be Antwerp","61","0","0","0","0","2","0","0","0","21","2","0","1","0.1","0.1","0.0","3","0","9","12","75.0","2","9","0","1","1"
"298","November-21-2022","Netherlands","Senegal","Memphis","10","FW","28-281","1.es Barcelona","29","0","0","0","0","1","1","0","0","17","0","0","1","0.0","0.0","0.0","2","2","10","12","83.3","0","12","0","2","1"
"299","November-21-2022","Netherlands","Senegal","Cody Gakpo","8","AM","23-198","1.nl PSV Eindhoven","89","1","0","0","0","1","1","0","0","33","0","1","0","0.1","0.1","0.2","3","0","13","26","50.0","1","16","4","2","1"
"300","November-21-2022","Netherlands","Senegal","Marten de Roon","15","AM","31-237","1.it Atalanta","1","0","0","0","0","0","0","0","0","2","0","0","1","0.0","0.0","0.0","0","0","0","1","0.0","0","0","0","0","0"
"301","November-21-2022","Netherlands","Senegal","Frenkie de Jong","21","CM","25-193","1.es Barcelona","90","0","1","0","0","0","0","0","0","77","2","0","2","0.0","0.0","0.2","4","1","57","67","85.1","7","53","3","2","1"
"302","November-21-2022","Netherlands","Senegal","Steven Berghuis","11","CM","30-337","1.nl Ajax","78","0","0","0","0","2","0","0","0","49","0","0","0","0.1","0.1","0.0","2","0","38","45","84.4","9","35","2","2","0"
"303","November-21-2022","Netherlands","Senegal","Teun Koopmeiners","20","CM","24-266","1.it Atalanta","12","0","0","0","0","0","0","0","0","8","1","1","0","0.0","0.0","0.0","1","0","3","7","42.9","2","4","0","0","0"
"304","November-21-2022","Netherlands","Senegal","Daley Blind","17","WB","32-257","1.nl Ajax","90","0","0","0","0","1","0","0","0","63","1","1","1","0.1","0.1","0.0","1","0","46","58","79.3","5","34","0","0","0"
"305","November-21-2022","Netherlands","Senegal","Denzel Dumfries","22","WB","26-217","1.it Inter","90","0","0","0","0","0","0","0","0","54","2","1","0","0.0","0.0","0.0","1","0","25","43","58.1","3","33","4","2","0"
"306","November-21-2022","Netherlands","Senegal","Nathan Aké","5","CB","27-276","1.eng Manchester City","90","0","0","0","0","0","0","0","0","74","1","0","2","0.0","0.0","0.0","0","0","56","65","86.2","6","51","1","0","0"
"307","November-21-2022","Netherlands","Senegal","Virgil van Dijk","4","CB","31-136","1.eng Liverpool","90","0","0","0","0","2","0","0","0","71","0","2","1","0.1","0.1","0.0","0","0","49","62","79.0","1","50","0","0","0"
"308","November-21-2022","Netherlands","Senegal","Matthijs de Ligt","3","CB","23-101","1.de Bayern Munich","90","0","0","0","0","0","0","1","0","48","0","0","0","0.0","0.0","0.0","1","0","41","45","91.1","2","24","0","0","0"
"309","November-21-2022","Netherlands","Senegal","Andries Noppert","23","GK","28-228","1.nl Heerenveen","90","0","0","0","0","0","0","0","0","30","0","0","0","0.0","0.0","0.0","1","0","22","27","81.5","0","15","0","0","0"
"310","November-25-2022","Netherlands","Ecuador","Steven Bergwijn","7","FW","25-048","1.nl Ajax","45","0","0","0","0","0","0","0","0","17","0","0","0","0.0","0.0","0.0","0","0","15","16","93.8","0","10","0","2","1"
"311","November-25-2022","Netherlands","Ecuador","Memphis","10","FW","28-285","1.es Barcelona","45","0","0","0","0","0","0","0","0","18","0","0","1","0.0","0.0","0.0","0","0","9","12","75.0","0","12","1","1","0"
"312","November-25-2022","Netherlands","Ecuador","Cody Gakpo","8","FW","23-202","1.nl PSV Eindhoven","79","1","0","0","0","1","1","0","0","32","1","0","3","0.1","0.1","0.0","1","0","11","20","55.0","1","19","0","0","0"
"313","November-25-2022","Netherlands","Ecuador","Wout Weghorst","19","FW","30-110","1.tr Beşiktaş","11","0","0","0","0","0","0","0","0","3","0","0","0","0.0","0.0","0.0","0","0","1","2","50.0","0","0","0","0","0"
"314","November-25-2022","Netherlands","Ecuador","Davy Klaassen","14","AM","29-277","1.nl Ajax","68","0","1","0","0","0","0","0","0","30","1","0","2","0.0","0.0","0.1","1","0","19","23","82.6","3","16","0","0","0"
"315","November-25-2022","Netherlands","Ecuador","Steven Berghuis","11","AM","30-341","1.nl Ajax","22","0","0","0","0","0","0","0","0","19","1","0","1","0.0","0.0","0.0","0","0","6","16","37.5","1","14","1","0","0"
"316","November-25-2022","Netherlands","Ecuador","Frenkie de Jong","21","CM","25-197","1.es Barcelona","90","0","0","0","0","0","0","0","0","82","7","2","2","0.0","0.0","0.0","0","0","64","69","92.8","2","46","1","1","1"
"317","November-25-2022","Netherlands","Ecuador","Teun Koopmeiners","20","CM","24-270","1.it Atalanta","78","0","0","0","0","1","0","0","0","50","3","2","2","0.0","0.0","0.0","0","0","26","35","74.3","1","33","3","2","1"
"318","November-25-2022","Netherlands","Ecuador","Marten de Roon","15","CM","31-241","1.it Atalanta","12","0","0","0","0","0","0","0","0","10","1","0","0","0.0","0.0","0.0","0","0","7","8","87.5","0","3","0","0","0"
"319","November-25-2022","Netherlands","Ecuador","Daley Blind","17","WB","32-261","1.nl Ajax","90","0","0","0","0","0","0","0","0","73","3","1","0","0.0","0.0","0.0","0","0","54","66","81.8","3","41","1","0","0"
"320","November-25-2022","Netherlands","Ecuador","Denzel Dumfries","22","WB","26-221","1.it Inter","90","0","0","0","0","0","0","0","0","43","2","1","0","0.0","0.0","0.0","0","0","19","30","63.3","2","19","0","1","0"
"321","November-25-2022","Netherlands","Ecuador","Nathan Aké","5","CB","27-280","1.eng Manchester City","90","0","0","0","0","0","0","0","0","88","3","0","1","0.0","0.0","0.0","0","0","70","79","88.6","6","56","5","1","0"
"322","November-25-2022","Netherlands","Ecuador","Virgil van Dijk","4","CB","31-140","1.eng Liverpool","90","0","0","0","0","0","0","0","0","71","1","1","2","0.0","0.0","0.0","0","0","51","60","85.0","1","35","0","0","0"
"323","November-25-2022","Netherlands","Ecuador","Jurriën Timber","2","CB","21-161","1.nl Ajax","90","0","0","0","0","0","0","0","0","73","2","2","0","0.0","0.0","0.0","0","0","53","61","86.9","5","39","2","1","1"
"324","November-25-2022","Netherlands","Ecuador","Andries Noppert","23","GK","28-232","1.nl Heerenveen","90","0","0","0","0","0","0","0","0","47","0","0","0","0.0","0.0","0.0","0","0","37","45","82.2","0","28","0","0","0"
"325","November-25-2022","Ecuador","Netherlands","Michael Estrada","11","FW","26-232","1.mx Cruz Azul","73","0","0","0","0","2","0","0","0","26","1","0","0","0.3","0.3","0.0","3","0","13","19","68.4","3","12","1","0","0"
"326","November-25-2022","Ecuador","Netherlands","Jeremy Sarmiento","16","AM","20-162","1.eng Brighton","17","0","0","0","0","0","0","0","0","14","0","0","0","0.0","0.0","0.0","2","0","7","11","63.6","1","7","0","2","0"
"327","November-25-2022","Ecuador","Netherlands","Enner Valencia","13","AM,FW","33-021","1.tr Fenerbahçe","89","1","0","0","0","5","2","0","0","37","0","0","0","1.2","1.2","0.3","4","0","16","22","72.7","1","24","0","1","0"
"328","November-25-2022","Ecuador","Netherlands","Kevin Rodríguez","26","FW","22-266","","1","0","0","0","0","1","1","0","0","3","0","0","1","0.0","0.0","0.0","0","0","0","1","0.0","0","0","0","0","0"
"329","November-25-2022","Ecuador","Netherlands","Gonzalo Plata","19","AM","22-024","1.es Valladolid","89","0","0","0","0","1","0","0","0","43","1","0","0","0.1","0.1","0.1","1","0","27","33","81.8","2","24","2","4","1"
"330","November-25-2022","Ecuador","Netherlands","Romario Ibarra","10","AM","28-062","1.mx Pachuca","1","0","0","0","0","0","0","0","0","2","0","0","0","0.0","0.0","0.0","0","0","0","1","0.0","0","1","0","0","0"
"331","November-25-2022","Ecuador","Netherlands","Moisés Caicedo","23","CM","21-023","1.eng Brighton","90","0","0","0","0","2","0","0","0","65","5","0","2","0.1","0.1","0.0","2","0","40","52","76.9","1","21","2","0","0"
"332","November-25-2022","Ecuador","Netherlands","Jhegson Méndez","20","CM","25-213","1.us Los Angeles FC","90","0","0","0","0","0","0","1","0","67","1","0","0","0.0","0.0","0.0","0","0","53","63","84.1","2","39","0","0","0"
"333","November-25-2022","Ecuador","Netherlands","Pervis Estupiñán","7","WB","24-308","1.eng Brighton","90","0","0","0","0","1","1","0","0","73","1","1","2","0.1","0.1","0.1","6","1","43","58","74.1","3","32","2","5","0"
"334","November-25-2022","Ecuador","Netherlands","Ángelo Preciado","17","WB","24-280","1.be Genk","90","0","0","0","0","3","0","0","0","47","0","3","0","0.0","0.0","0.2","3","0","26","37","70.3","2","16","1","2","0"
"335","November-25-2022","Ecuador","Netherlands","Piero Hincapié","3","CB","20-320","1.de Leverkusen","90","0","0","0","0","0","0","0","0","57","4","1","2","0.0","0.0","0.0","0","0","27","42","64.3","4","22","0","0","0"
"336","November-25-2022","Ecuador","Netherlands","Félix Torres Caicedo","2","CB","25-318","1.mx Santos","90","0","0","0","0","0","0","0","0","78","1","1","0","0.0","0.0","0.0","1","0","59","71","83.1","1","47","0","0","0"
"337","November-25-2022","Ecuador","Netherlands","Jackson Porozo","25","CB","22-113","1.fr Troyes","90","0","0","0","0","0","0","0","0","49","2","3","1","0.0","0.0","0.0","0","0","35","39","89.7","1","26","1","0","0"
"338","November-25-2022","Ecuador","Netherlands","Hernán Galíndez","1","GK","35-240","1.ec SD Aucas","90","0","0","0","0","0","0","0","0","20","0","0","0","0.0","0.0","0.0","0","0","12","20","60.0","0","11","0","0","0"
"339","November-29-2022","Netherlands","Qatar","Memphis","10","FW","28-289","1.es Barcelona","65","0","0","0","0","5","1","0","0","42","0","0","0","0.9","0.9","0.0","2","1","27","33","81.8","1","25","0","0","0"
"340","November-29-2022","Netherlands","Qatar","Vincent Janssen","18","FW","28-167","1.be Antwerp","25","0","0","0","0","0","0","0","0","11","0","0","1","0.0","0.0","0.0","0","0","7","8","87.5","1","5","0","0","0"
"341","November-29-2022","Netherlands","Qatar","Cody Gakpo","8","FW","23-206","1.nl PSV Eindhoven","81","1","0","0","0","2","1","0","0","48","3","1","1","0.1","0.1","0.1","2","1","27","35","77.1","1","30","2","1","1"
"342","November-29-2022","Netherlands","Qatar","Wout Weghorst","19","FW","30-114","1.tr Beşiktaş","9","0","0","0","0","0","0","0","0","4","0","0","0","0.0","0.0","0.0","1","0","2","2","100.0","0","1","0","0","0"
"343","November-29-2022","Netherlands","Qatar","Davy Klaassen","14","AM","29-281","1.nl Ajax","65","0","1","0","0","1","0","0","0","41","1","1","0","0.1","0.1","0.2","4","1","28","34","82.4","1","20","0","1","0"
"344","November-29-2022","Netherlands","Qatar","Steven Berghuis","11","AM","30-345","1.nl Ajax","25","0","0","0","0","1","0","0","0","36","1","0","0","0.0","0.0","0.0","0","0","28","33","84.8","3","29","1","0","0"
"345","November-29-2022","Netherlands","Qatar","Frenkie de Jong","21","CM","25-201","1.es Barcelona","85","1","0","0","0","2","1","0","0","102","2","1","0","0.9","0.9","0.0","3","0","85","92","92.4","6","69","2","2","1"
"346","November-29-2022","Netherlands","Qatar","Kenneth Taylor","24","CM","20-197","1.nl Ajax","5","0","0","0","0","0","0","0","0","9","0","0","0","0.0","0.0","0.0","0","0","8","8","100.0","0","6","0","0","0"
"347","November-29-2022","Netherlands","Qatar","Marten de Roon","15","CM","31-245","1.it Atalanta","81","0","0","0","0","0","0","0","0","78","4","2","3","0.0","0.0","0.0","0","0","56","66","84.8","4","46","0","0","0"
"348","November-29-2022","Netherlands","Qatar","Teun Koopmeiners","20","CM","24-274","1.it Atalanta","9","0","0","0","0","0","0","0","0","15","0","0","0","0.0","0.0","0.0","0","0","14","15","93.3","0","12","0","0","0"
"349","November-29-2022","Netherlands","Qatar","Daley Blind","17","WB","32-265","1.nl Ajax","90","0","0","0","0","2","1","0","0","117","0","0","3","0.1","0.1","0.1","2","0","99","109","90.8","8","80","0","0","0"
"350","November-29-2022","Netherlands","Qatar","Denzel Dumfries","22","WB","26-225","1.it Inter","90","0","0","0","0","0","0","0","0","65","1","2","2","0.0","0.0","0.0","2","0","46","53","86.8","5","45","2","2","0"
"351","November-29-2022","Netherlands","Qatar","Nathan Aké","5","CB","27-284","1.eng Manchester City","90","0","0","0","0","0","0","1","0","100","0","0","0","0.0","0.0","0.0","1","0","96","97","99.0","8","75","3","0","0"
"352","November-29-2022","Netherlands","Qatar","Virgil van Dijk","4","CB","31-144","1.eng Liverpool","90","0","0","0","0","0","0","0","0","92","0","0","0","0.0","0.0","0.1","1","0","81","88","92.0","6","63","0","0","0"
"353","November-29-2022","Netherlands","Qatar","Jurriën Timber","2","CB","21-165","1.nl Ajax","90","0","0","0","0","0","0","0","0","124","4","3","0","0.0","0.0","0.0","2","0","107","112","95.5","8","86","7","3","2"
"354","November-29-2022","Netherlands","Qatar","Andries Noppert","23","GK","28-236","1.nl Heerenveen","90","0","0","0","0","0","0","0","0","30","0","0","0","0.0","0.0","0.0","0","0","28","29","96.6","0","17","0","0","0"
"355","November-29-2022","Qatar","Netherlands","Akram Afif","11","FW,CM","26-011","1.qa Al Sadd","90","0","0","0","0","0","0","0","0","84","0","0","0","0.0","0.0","0.1","3","0","68","81","84.0","3","54","2","0","0"
"356","November-29-2022","Qatar","Netherlands","Almoez Ali","19","FW","26-102","1.qa Al Duhail SC","63","0","0","0","0","0","0","0","0","19","0","1","0","0.0","0.0","0.0","0","0","12","13","92.3","1","12","0","3","0"
"357","November-29-2022","Qatar","Netherlands","Mohammed Muntari","9","FW","28-344","1.qa Al Duhail SC","27","0","0","0","0","0","0","0","0","15","0","0","0","0.0","0.0","0.0","1","0","12","13","92.3","0","9","0","0","0"
"358","November-29-2022","Qatar","Netherlands","Abdulaziz Hatem","6","CM","32-032","1.qa Al Rayyan SC","84","0","0","0","0","1","1","0","0","40","0","0","0","0.0","0.0","0.0","0","0","34","38","89.5","0","32","2","1","1"
"359","November-29-2022","Qatar","Netherlands","Ahmed Alaaeldin","7","FW","29-302","1.qa Al-Gharafa Sports Club","6","0","0","0","0","0","0","0","0","2","0","0","0","0.0","0.0","0.0","0","0","0","2","0.0","0","1","0","0","0"
"360","November-29-2022","Qatar","Netherlands","Assim Madibo","23","CM","26-038","1.qa Al Duhail SC","63","0","0","0","0","0","0","0","0","35","2","0","4","0.0","0.0","0.0","0","0","22","28","78.6","1","10","0","0","0"
"361","November-29-2022","Qatar","Netherlands","Karim Boudiaf","12","CM","32-074","1.qa Al Duhail SC","27","0","0","0","0","0","0","0","0","25","0","0","0","0.0","0.0","0.0","0","0","21","23","91.3","0","13","0","2","1"
"362","November-29-2022","Qatar","Netherlands","Hassan Al-Haydos","10","CM","31-353","1.qa Al Sadd","63","0","0","0","0","1","1","0","0","35","0","2","0","0.0","0.0","0.0","2","0","21","25","84.0","7","23","2","4","1"
"363","November-29-2022","Qatar","Netherlands","Ali Assadalla","8","CM","29-314","1.qa Al Sadd","27","0","0","0","0","0","0","0","0","24","0","0","1","0.0","0.0","0.0","1","0","21","23","91.3","1","12","4","1","1"
"364","November-29-2022","Qatar","Netherlands","Homam Ahmed","14","LB","23-096","1.qa Al-Gharafa Sports Club","90","0","0","0","0","0","0","0","0","33","0","0","0","0.0","0.0","0.0","0","0","25","32","78.1","0","13","1","0","0"
"365","November-29-2022","Qatar","Netherlands","Abdelkarim Hassan","3","CB","29-093","1.qa Al Sadd","90","0","0","0","0","1","0","0","0","57","3","1","1","0.1","0.1","0.0","0","0","34","46","73.9","1","26","6","1","0"
"366","November-29-2022","Qatar","Netherlands","Boualem Khoukhi","16","CB","32-143","1.qa Al Sadd","90","0","0","0","0","0","0","0","0","68","1","2","2","0.0","0.0","0.0","0","0","44","55","80.0","0","37","0","2","0"
"367","November-29-2022","Qatar","Netherlands","Ró-Ró","2","CB","32-115","1.qa Al Sadd","90","0","0","0","0","1","0","0","0","49","2","5","0","0.0","0.0","0.0","0","0","29","38","76.3","3","29","2","0","0"
"368","November-29-2022","Qatar","Netherlands","Ismaeel Mohammad","17","RB","32-238","1.qa Al Duhail SC","84","0","0","0","0","1","1","0","0","34","1","1","1","0.0","0.0","0.0","1","0","26","30","86.7","0","19","2","1","0"
"369","November-29-2022","Qatar","Netherlands","Musab Kheder","13","RB","29-064","1.qa Al Sadd","6","0","0","0","0","0","0","0","0","5","1","0","0","0.0","0.0","0.0","0","0","3","3","100.0","0","3","0","0","0"
"370","November-29-2022","Qatar","Netherlands","Meshaal Barsham","22","GK","24-288","1.qa Al Sadd","90","0","0","0","0","0","0","0","0","34","0","0","0","0.0","0.0","0.0","0","0","18","31","58.1","0","16","0","0","0"
"371","December-9-2022","Netherlands","Argentina","Memphis","10","FW,AM","28-299","1.es Barcelona","77","0","0","0","0","0","0","1","0","47","0","1","0","0.0","0.0","0.1","0","0","24","37","64.9","2","28","2","4","0"
"372","December-9-2022","Netherlands","Argentina","Wout Weghorst","19","FW","30-124","1.tr Beşiktaş","43","2","0","0","0","2","2","1","0","14","0","0","1","0.2","0.2","0.0","1","1","6","10","60.0","3","9","0","0","0"
"373","December-9-2022","Netherlands","Argentina","Steven Bergwijn","7","FW","25-062","1.nl Ajax","45","0","0","0","0","1","0","1","0","18","0","0","0","0.1","0.1","0.0","1","0","15","16","93.8","2","11","0","0","0"
"374","December-9-2022","Netherlands","Argentina","Steven Berghuis","11","RM,AM,RW","30-355","1.nl Ajax","75","0","1","0","0","2","0","1","0","41","0","0","0","0.2","0.2","0.1","1","1","25","37","67.6","2","29","2","2","1"
"375","December-9-2022","Netherlands","Argentina","Cody Gakpo","8","AM,LM,FW,LW","23-216","1.nl PSV Eindhoven","112","0","0","0","0","0","0","0","0","58","2","1","4","0.0","0.0","0.1","4","0","20","37","54.1","1","32","2","7","0"
"376","December-9-2022","Netherlands","Argentina","Noa Lang","12","LM","23-175","1.be Club Brugge","8","0","0","0","0","0","0","1","0","5","0","1","1","0.0","0.0","0.0","0","0","1","3","33.3","0","1","0","0","0"
"377","December-9-2022","Netherlands","Argentina","Frenkie de Jong","21","CM,DM","25-211","1.es Barcelona","120","0","0","0","0","0","0","0","0","96","0","1","0","0.0","0.0","0.0","0","0","83","93","89.2","9","60","1","0","0"
"378","December-9-2022","Netherlands","Argentina","Marten de Roon","15","CM","31-255","1.it Atalanta","45","0","0","0","0","0","0","0","0","32","1","0","0","0.0","0.0","0.0","1","0","22","27","81.5","2","16","0","0","0"
"379","December-9-2022","Netherlands","Argentina","Teun Koopmeiners","20","CM,DM","24-284","1.it Atalanta","75","0","1","0","0","0","0","0","0","43","3","0","0","0.0","0.0","0.1","2","2","34","38","89.5","2","26","1","0","0"
"380","December-9-2022","Netherlands","Argentina","Daley Blind","17","WB","32-275","1.nl Ajax","63","0","0","0","0","0","0","0","0","34","3","2","0","0.0","0.0","0.0","0","0","22","27","81.5","1","12","0","0","0"
"381","December-9-2022","Netherlands","Argentina","Luuk de Jong","9","FW","32-104","1.nl PSV Eindhoven","57","0","0","0","0","1","0","0","0","19","2","0","0","0.1","0.1","0.0","1","0","8","12","66.7","1","10","0","1","0"
"382","December-9-2022","Netherlands","Argentina","Denzel Dumfries","22","WB,RB","26-235","1.it Inter","119","0","0","0","0","0","0","2","1","50","2","0","0","0.0","0.0","0.0","0","0","30","41","73.2","0","24","1","1","0"
"383","December-9-2022","Netherlands","Argentina","Nathan Aké","5","CB,LB","27-294","1.eng Manchester City","120","0","0","0","0","0","0","0","0","86","2","5","0","0.0","0.0","0.0","0","0","62","75","82.7","6","51","3","1","0"
"384","December-9-2022","Netherlands","Argentina","Virgil van Dijk","4","CB","31-154","1.eng Liverpool","120","0","0","0","0","0","0","0","0","104","0","1","1","0.0","0.0","0.0","1","0","86","97","88.7","9","71","0","0","0"
"385","December-9-2022","Netherlands","Argentina","Jurriën Timber","2","CB","21-175","1.nl Ajax","120","0","0","0","0","0","0","1","0","107","3","3","0","0.0","0.0","0.0","0","0","88","97","90.7","10","72","4","2","1"
"386","December-9-2022","Netherlands","Argentina","Andries Noppert","23","GK","28-246","1.nl Heerenveen","120","0","0","0","0","0","0","0","0","59","0","0","0","0.0","0.0","0.0","0","0","46","54","85.2","0","33","0","0","0"
"387","December-9-2022","Argentina","Netherlands","Julián Álvarez","9","FW","22-312","1.eng Manchester City","81","0","0","0","0","0","0","0","0","26","1","0","0","0.0","0.0","0.1","1","0","12","17","70.6","0","19","2","0","0"
"388","December-9-2022","Argentina","Netherlands","Lautaro Martínez","22","FW,LW","25-109","1.it Inter","39","0","0","0","0","2","1","0","0","20","0","0","1","0.3","0.3","0.0","0","0","9","13","69.2","0","14","0","0","0"
"389","December-9-2022","Argentina","Netherlands","Lionel Messi","10","FW","35-168","1.fr Paris S-G","120","1","1","1","1","5","1","1","0","57","0","0","0","1.0","0.2","0.5","7","1","38","47","80.9","6","39","4","5","2"
"390","December-9-2022","Argentina","Netherlands","Alexis Mac Allister","20","CM,LM","23-350","1.eng Brighton","120","0","0","0","0","0","0","0","0","56","1","0","5","0.0","0.0","0.0","1","0","38","43","88.4","6","36","5","1","1"
"391","December-9-2022","Argentina","Netherlands","Enzo Fernández","24","CM,RM","21-326","1.pt Benfica","120","0","0","0","0","2","0","0","0","80","1","0","1","0.1","0.1","0.3","3","0","61","72","84.7","3","62","3","2","1"
"392","December-9-2022","Argentina","Netherlands","Rodrigo De Paul","7","CM","28-199","1.es Atlético Madrid","65","0","0","0","0","2","1","0","0","62","2","1","0","0.1","0.1","0.1","2","0","41","54","75.9","5","45","2","1","1"
"393","December-9-2022","Argentina","Netherlands","Leandro Paredes","5","CM","28-163","1.it Juventus","55","0","0","0","0","0","0","1","0","56","3","0","0","0.0","0.0","0.0","3","0","45","50","90.0","3","39","2","1","0"
"394","December-9-2022","Argentina","Netherlands","Marcos Acuña","8","LB","31-042","1.es Sevilla","77","0","0","0","0","0","0","1","0","35","3","1","1","0.0","0.0","0.0","1","1","19","27","70.4","1","22","0","3","2"
"395","December-9-2022","Argentina","Netherlands","Nicolás Tagliafico","3","LB","30-100","1.fr Lyon","43","0","0","0","0","0","0","0","0","14","1","0","1","0.0","0.0","0.0","0","0","9","10","90.0","0","4","0","0","0"
"396","December-9-2022","Argentina","Netherlands","Lisandro Martínez","25","CB","24-325","1.eng Manchester Utd","111","0","0","0","0","0","0","1","0","49","2","2","1","0.0","0.0","0.0","1","0","29","36","80.6","2","28","2","0","0"
"397","December-9-2022","Argentina","Netherlands","Ángel Di María","11","RW","34-298","1.it Juventus","9","0","0","0","0","0","0","0","0","15","0","0","0","0.0","0.0","0.1","4","0","9","14","64.3","3","8","0","0","0"
"398","December-9-2022","Argentina","Netherlands","Nicolás Otamendi","19","CB","34-300","1.pt Benfica","120","0","0","0","0","0","0","1","0","99","2","0","0","0.0","0.0","0.0","0","0","84","92","91.3","6","68","0","0","0"
"399","December-9-2022","Argentina","Netherlands","Cristian Romero","13","CB","24-226","1.eng Tottenham","77","0","0","0","0","0","0","1","0","55","2","1","0","0.0","0.0","0.0","1","1","44","47","93.6","2","42","2","0","0"
"400","December-9-2022","Argentina","Netherlands","Germán Pezzella","6","CB","31-165","1.es Betis","43","0","0","0","0","1","0","1","0","28","0","0","0","0.1","0.1","0.0","0","0","23","26","88.5","1","23","0","0","0"
"401","December-9-2022","Argentina","Netherlands","Nahuel Molina","26","RB","24-247","1.es Atlético Madrid","105","1","0","0","0","1","1","0","0","56","1","1","2","0.4","0.4","0.0","3","1","36","45","80.0","1","26","3","1","0"
"402","December-9-2022","Argentina","Netherlands","Gonzalo Montiel","4","RB","25-342","1.es Sevilla","15","0","0","0","0","0","0","1","0","13","0","0","1","0.0","0.0","0.0","1","0","10","12","83.3","0","11","1","0","0"
"403","December-9-2022","Argentina","Netherlands","Emiliano Martínez","23","GK","30-098","1.eng Aston Villa","120","0","0","0","0","0","0","0","0","37","0","0","0","0.0","0.0","0.0","0","0","19","37","51.4","0","23","0","0","0"
